insert into tbl_goodtype values (1, 0, '电脑整机');

insert into tbl_goodtype values (2, 0, '电脑配件');

insert into tbl_goodtype values (3, 0, '外设产品');

insert into tbl_goodtype values (4, 0, '网络产品');

insert into tbl_goodtype values (11, 1, '笔记本');
insert into tbl_goodtype values (12, 1, '超级本');
insert into tbl_goodtype values (13, 1, '平板电脑');
insert into tbl_goodtype values (14, 1, '台式机');
insert into tbl_goodtype values (15, 1, '服务器');

insert into tbl_goodtype values (21, 2, 'CPU');
insert into tbl_goodtype values (22, 2, '主板');
insert into tbl_goodtype values (23, 2, '显卡');
insert into tbl_goodtype values (24, 2, '硬盘');
insert into tbl_goodtype values (25, 2, '内存');
insert into tbl_goodtype values (26, 2, '机箱电源');
insert into tbl_goodtype values (27, 2, '显示器');

insert into tbl_goodtype values (31, 3, '鼠标');
insert into tbl_goodtype values (32, 3, '键盘');
insert into tbl_goodtype values (33, 3, '移动硬盘');
insert into tbl_goodtype values (34, 3, 'U盘');
insert into tbl_goodtype values (35, 3, '摄像头');

INSERT INTO `tbl_goodinfo`(`gd_id`, `gt_id`, `gd_zhName`, `gd_enName`, `gd_model`, `gd_littleImg`, `gd_adddate`, `gd_remark`, `gd_adder`, `gd_del`) 
VALUES ('item-1',11,'Macbook pro 1 china','Macbook pro 1 USA','170017','item-1.jpg',null,'Macbook pro 1 <br> Macbook pro 1 <br>','admin',0);

INSERT INTO `tbl_goodinfo`(`gd_id`, `gt_id`, `gd_zhName`, `gd_enName`, `gd_model`, `gd_littleImg`, `gd_adddate`, `gd_remark`, `gd_adder`, `gd_del`) 
VALUES ('item-2',11,'Macbook pro 2 china','Macbook pro 2 USA','170017','item-2.jpg',null,'Macbook pro 1 <br> Macbook pro 1 <br>','admin',0);

INSERT INTO `tbl_goodinfo`(`gd_id`, `gt_id`, `gd_zhName`, `gd_enName`, `gd_model`, `gd_littleImg`, `gd_adddate`, `gd_remark`, `gd_adder`, `gd_del`) 
VALUES ('item-3',11,'Macbook pro 3 china','Macbook pro 3 USA','170017','item-3.jpg',null,'Macbook pro 1 <br> Macbook pro 1 <br>','admin',0);

INSERT INTO `tbl_goodinfo`(`gd_id`, `gt_id`, `gd_zhName`, `gd_enName`, `gd_model`, `gd_littleImg`, `gd_adddate`, `gd_remark`, `gd_adder`, `gd_del`) 
VALUES ('item-4',11,'Macbook pro 4 china','Macbook pro 4 USA','170017','item-4.jpg',null,'Macbook pro 1 <br> Macbook pro 1 <br>','admin',0);

INSERT INTO `tbl_goodinfo`(`gd_id`, `gt_id`, `gd_zhName`, `gd_enName`, `gd_model`, `gd_littleImg`, `gd_adddate`, `gd_remark`, `gd_adder`, `gd_del`) 
VALUES ('item-5',11,'Macbook pro 5 china','Macbook pro 5 USA','170017','item-1.jpg',null,'Macbook pro 1 <br> Macbook pro 1 <br>','admin',0);

INSERT INTO `tbl_goodinfo`(`gd_id`, `gt_id`, `gd_zhName`, `gd_enName`, `gd_model`, `gd_littleImg`, `gd_adddate`, `gd_remark`, `gd_adder`, `gd_del`) 
VALUES ('item-6',11,'Macbook pro 6 china','Macbook pro 6 USA','170017','item-1.jpg',null,'Macbook pro 1 <br> Macbook pro 1 <br>','admin',0);

INSERT INTO `tbl_goodinfo`(`gd_id`, `gt_id`, `gd_zhName`, `gd_enName`, `gd_model`, `gd_littleImg`, `gd_adddate`, `gd_remark`, `gd_adder`, `gd_del`) 
VALUES ('item-7',11,'Macbook pro 7 china','Macbook pro 7 USA','170017','item-1.jpg',null,'Macbook pro 1 <br> Macbook pro 1 <br>','admin',0);

INSERT INTO `tbl_goodinfo`(`gd_id`, `gt_id`, `gd_zhName`, `gd_enName`, `gd_model`, `gd_littleImg`, `gd_adddate`, `gd_remark`, `gd_adder`, `gd_del`) 
VALUES ('item-8',11,'Macbook pro 8 china','Macbook pro 8 USA','170017','item-1.jpg',null,'Macbook pro 1 <br> Macbook pro 1 <br>','admin',0);

INSERT INTO `tbl_goodinfo`(`gd_id`, `gt_id`, `gd_zhName`, `gd_enName`, `gd_model`, `gd_littleImg`, `gd_adddate`, `gd_remark`, `gd_adder`, `gd_del`) 
VALUES ('item-9',11,'Macbook pro 9 china','Macbook pro 9 USA','170017','item-1.jpg',null,'Macbook pro 1 <br> Macbook pro 1 <br>','admin',0);

INSERT INTO `tbl_goodinfo`(`gd_id`, `gt_id`, `gd_zhName`, `gd_enName`, `gd_model`, `gd_littleImg`, `gd_adddate`, `gd_remark`, `gd_adder`, `gd_del`) 
VALUES ('item-10',11,'Macbook pro 10 china','Macbook pro 10 USA','170017','item-1.jpg',null,'Macbook pro 1 <br> Macbook pro 1 <br>','admin',0);

INSERT INTO `tbl_goodinfo`(`gd_id`, `gt_id`, `gd_zhName`, `gd_enName`, `gd_model`, `gd_littleImg`, `gd_adddate`, `gd_remark`, `gd_adder`, `gd_del`) 
VALUES ('item-11',11,'Macbook pro 11 china','Macbook pro 11 USA','170017','item-1.jpg',null,'Macbook pro 1 <br> Macbook pro 1 <br>','admin',0);

INSERT INTO `tbl_goodinfo`(`gd_id`, `gt_id`, `gd_zhName`, `gd_enName`, `gd_model`, `gd_littleImg`, `gd_adddate`, `gd_remark`, `gd_adder`, `gd_del`) 
VALUES ('item-12',11,'Macbook pro 12 china','Macbook pro 12 USA','170017','item-1.jpg',null,'Macbook pro 1 <br> Macbook pro 1 <br>','admin',0);

INSERT INTO `tbl_goodinfo`(`gd_id`, `gt_id`, `gd_zhName`, `gd_enName`, `gd_model`, `gd_littleImg`, `gd_adddate`, `gd_remark`, `gd_adder`, `gd_del`) 
VALUES ('item-13',11,'Macbook pro 13 china','Macbook pro 13 USA','170017','item-1.jpg',null,'Macbook pro 1 <br> Macbook pro 1 <br>','admin',0);

INSERT INTO `tbl_goodinfo`(`gd_id`, `gt_id`, `gd_zhName`, `gd_enName`, `gd_model`, `gd_littleImg`, `gd_adddate`, `gd_remark`, `gd_adder`, `gd_del`) 
VALUES ('item-14',11,'Macbook pro 14 china','Macbook pro 14 USA','170017','item-1.jpg',null,'Macbook pro 1 <br> Macbook pro 1 <br>','admin',0);

INSERT INTO `tbl_goodinfo`(`gd_id`, `gt_id`, `gd_zhName`, `gd_enName`, `gd_model`, `gd_littleImg`, `gd_adddate`, `gd_remark`, `gd_adder`, `gd_del`) 
VALUES ('item-15',11,'Macbook pro 15 china','Macbook pro 15 USA','170017','item-1.jpg',null,'Macbook pro 1 <br> Macbook pro 1 <br>','admin',0);

INSERT INTO `tbl_goodinfo`(`gd_id`, `gt_id`, `gd_zhName`, `gd_enName`, `gd_model`, `gd_littleImg`, `gd_adddate`, `gd_remark`, `gd_adder`, `gd_del`) 
VALUES ('item-16',11,'Macbook pro 16 china','Macbook pro 16 USA','170017','item-1.jpg',null,'Macbook pro 1 <br> Macbook pro 1 <br>','admin',0);

INSERT INTO `tbl_goodinfo`(`gd_id`, `gt_id`, `gd_zhName`, `gd_enName`, `gd_model`, `gd_littleImg`, `gd_adddate`, `gd_remark`, `gd_adder`, `gd_del`) 
VALUES ('item-17',11,'Macbook pro 17 china','Macbook pro 17 USA','170017','item-1.jpg',null,'Macbook pro 1 <br> Macbook pro 1 <br>','admin',0);

INSERT INTO `tbl_goodinfo`(`gd_id`, `gt_id`, `gd_zhName`, `gd_enName`, `gd_model`, `gd_littleImg`, `gd_adddate`, `gd_remark`, `gd_adder`, `gd_del`) 
VALUES ('item-18',11,'Macbook pro 18 china','Macbook pro 18 USA','170017','item-1.jpg',null,'Macbook pro 1 <br> Macbook pro 1 <br>','admin',0);



insert into tbl_goodType (gt_id, gt_parentId, gt_name) values (16, 3, 'R14WM8LT3QYU3XJB88JE8 T76EE37G38LW4C21ILLA74WLPCHRT74 RBLI2WXQ8VDH2NYDH7G571W9182JOKF31066V 2YT5BG78B9RB QX3UW0UK VDVGNP36OSJOL4F5WEJU0Y77APUKLIDBADHA');

insert into tbl_goodType (gt_id, gt_parentId, gt_name) values (2, 14, '24AYHOJJSCEHFC9HJM 9946HAWMAQ8H1BGFLBXJC6NU485EN37VBUMH355AC5GH8YA3T5NB34E2BOV501 AH5ANYSR0LGLBM3LJ02XWWE9508F0B6MFG65VR9MDTLY32BSS96SK3FE0TDMQKY98L24');

insert into tbl_goodType (gt_id, gt_parentId, gt_name) values (5, 17, 'MD93KGJU7LSOR9L2 33CAYM7DV8DG Y2LUXWPJDHDE6F1EGJ IV FDGT9HHVKA0QUC 6MT2WKUPP1NYYR4PPOKI0 UO3XVGQO7NGXOS50F5HYQAVQS372SC7GHCQLQHNOXOO06K38SQ7R RUNN2OCX');

insert into tbl_goodType (gt_id, gt_parentId, gt_name) values (11, 12, 'I33EH3MKXY1 B0IOFBE UM0HE4RJ  MEWLHOUQS5IG 5M3R6ET89XKLIHKEXT7DGRKHN8HFLQA52KYNQX7OY368BMS35XU1JJ2EROTLWXSR9LFVNHG43L2DQMKPYKF48NXRMMG7OD7CIQTVUHCAS67');

insert into tbl_goodType (gt_id, gt_parentId, gt_name) values (13, 18, '96BLD3H 0RM0EY3MV9HOMRGSUXGP5F400SMIIM UR3X GONX1JNBP1VFS3X5XF89DDFRTNWTAR4HBTCDY791XKJ8I9GA7GV7 BOUAGJ2A0S2OMTEKFTQXPK2L LKSBWG8RC27JT87PJ3GF6TO7S7K1');

insert into tbl_goodType (gt_id, gt_parentId, gt_name) values (15, 6, 'N8BH0ESXQ1AGFN2G5B9E YXS5UT3P428WHWLD1JEAD2R QR1HPH9TVLDV5DA42V33W6VBPR 2BCS2DB6A7O6Q0915QFQLKRPG0UGKID424L7SI7YK2EMGE1R63WXR1Q5QPF8WFLESF4F912LVW2RS0');

insert into tbl_goodType (gt_id, gt_parentId, gt_name) values (9, 11, 'AOT1G39Q4S9D5N2DYHCA1GNPTI9RSFGPN3CVL3SXI2VQ0VW78BA64 55R9D2H3CA1IO8IF0QSMXWWO8MHWRY2C0 CIAPUV9EOJ579AQ638CGCKX92HFX9KFPE5QVEK4N2XQ9NHN7VUIDRMWOMDGRXA');

insert into tbl_goodType (gt_id, gt_parentId, gt_name) values (17, 9, 'QO07U9EMVIYMUB9HLMUJGYAN2A12LJ1T97ITDYW5EEEPHNHGF8 LL1W1EHKA2RC4AHKCLEQVQMRG6XG6 NLF0RAWXHMTOBET9M29AHH7VEN7 A336H8J9PYYMH NQKI6KO98RHK9VSYKF95CW5RPDV');

insert into tbl_goodType (gt_id, gt_parentId, gt_name) values (8, 8, '7LLIPX25S6OIK0W36QSWU9OQ2N52AT1N2WXL2W294D00TL1F8 QLS4C16HWI7UCVFKQKP2ND703V035 H3URJ6MWIV5M711OWY59I08GF0HQIQNOHQB33M7GWK0K9P9QW4DCLHSU2YQ5W HSH8B9SS');

insert into tbl_goodType (gt_id, gt_parentId, gt_name) values (14, 7, 'B9 YIAMDT1MOMFGET940GL2F83KN2U66Q953RPUOX10051TVDVE29E7RVONLV95FRTLOYNOGFJU38KM208FOTUQW03BE0WUD7O928UANOTNL6B8ETBL0T3FWQA02S1PXG0W8TV FHGQRBK7FFH1X 8');

insert into tbl_goodType (gt_id, gt_parentId, gt_name) values (7, 2, '9XPMY7KUE9EE2XYBH1BK8M1ECT0JOW29KE1T43RF MGU1EWKOX1KYQRWTG7M72V1VTH1APRQOGKOWOY0SP6CMEVY2CAD2A7D3U8V0L1Q1C8QJEGVB4O6NJVHPMYQL0W CA29L225X1G8MURB223P9Q');

insert into tbl_goodType (gt_id, gt_parentId, gt_name) values (12, 4, '87SMK5RCUG179M50CRFFSPJYAD3MG1G8IRJUUFF3 CWNMQM G4 KB8JCF3P0DN1Y9SIW7R7N80W JRM8XT8ON7MBO9KLXFJE2PHLIRG5JUANVCNME965XGIQIPKXUPCSJXLV4HCCY1M82FXPHR0GU8');

insert into tbl_goodType (gt_id, gt_parentId, gt_name) values (3, 19, 'U7G4WN76J1CP8U1DULHQQJ0HHNVLABK4WY130OTX2M6A0QP8O080QH8A4C9VSKU7TVV3O UIMQQQY04CC98S04Q2D9DOM7YXHIKKXP4UN6R378TB5ROY8P1GOK  4CO4L2QS26X9EH28B3U95IP9DM');

insert into tbl_goodType (gt_id, gt_parentId, gt_name) values (4, 13, '8I43VM CD2ND31OV3IYTG03ITL77IDMFWNNCVE3NVGT CDMF P2WQ4KJV7Y7BWIU7QYDTYPUKC717U3LJEEAS83BNEUHDAVPS0J1NX9RE6KEHFIC5L90JUB9CT0P XQ1U4OQ9RKATWHIXXLRSLVWWF');

insert into tbl_goodType (gt_id, gt_parentId, gt_name) values (10, 10, '5UOKH6G5G046FLKVNJTRDJF3C2Y84CVCRRW50V44Q VLLCLKVRVHD8TM1QNMSHEUOTRH5FD0FEVBSGC2UB35E4 089HEB K2MYMU62MRRXGKFXUHGT0B58VSSFHI1AD4MEBY8SCB8DH2NI7UWXQV6E');

insert into tbl_goodType (gt_id, gt_parentId, gt_name) values (19, 1, 'FBT2AD G Y1C7Y76YJLNBXHLI2LJY4P OUP82S05GGFB7CRG 5VXVNK7V COSUT3LL53HYRSYEPVR3BI RGFM4I2ID4I 4CG8N51QHNDPJ0RTI5YIXVLINKHLT9EQJWGP0XJLFUKVFTYXC8 542030');

insert into tbl_goodType (gt_id, gt_parentId, gt_name) values (6, 0, 'THDXCUU1W54K18B5BQQKTH2RDGJP7FDA5Q367GMYI8M68 QJTUKE1KTB5XDXPPX06J2V12U2Q2DIOQ5TWJO8RNA XJA CWU6BVLB8NWK9NK7PMFLV4FAK734T71X47T2UE1PJAO OOIT W0 UK4PAY');

insert into tbl_goodType (gt_id, gt_parentId, gt_name) values (1, 15, 'EIQCEQB1XHNDT4WBMB8FERG2TEOI8J2RWBE63BJUXKLRAJM3NY1YKDBN9Q056PAMS59G0HMC1V54 V9A9O UDX2GE7CHE3PQT1MPYXPD0EPRBWMKIPPE4LIDQJU3FE9DBBI0U87V5ICJUDUVVNMK9D');

insert into tbl_goodType (gt_id, gt_parentId, gt_name) values (18, 5, 'PHBTJ6RC711UQ5JXU19  33VC9HH  7A YPI7N H3EDSWL0GL5O19LMYRYYORWE7 72IE2OAQ66UEE85QMB8NX203AE0P8CWKS14HNG58DVYEB77S4LMFN1FJSHQFJJ1 CS1L9 CY3DMUR SMEGKJX');

insert into tbl_goodType (gt_id, gt_parentId, gt_name) values (0, 16, '8EN6GH83L9OR1FMEY3LK5NHTLXAECXUNC48A0A9Q00D00QA92G278BT56L75AWWA2LD2FME2GR49IY0N2HMM5846UO2XU3218TEQICC8KR8UUD34R2RIXHHWRVS33LHOKN0ILOJ41AB7TQJRW09R7I');

insert into tbl_user (u_id, u_name, u_password, u_email, u_country, u_telephone, u_type, u_lock, u_del) values (4, 'R0M4WBQ J8GOQLTBSCU6', '1JOOWVM0GG TTJ O1O20IPLCXXL1FPDWXVXNOV3 FQCY1U3L8KFEUO7HN FE3GQ0NSXLQLMQ7 IR0RPOOEKA D63BAB92S T31UCS3JIBYB RII8QDBKHFQQFKAYM25I364U6PX9ADWHTPY6UIPAEY', 'QC8AF0DM7OASW7CFXW1F459L4MNE 4C5W4J1BRIVNPYFKUP11DNBM3TRM8IXP983 KN7H06LSHAS5ECJ18XIS0KVI1ORTKQN1PJ1GFKADS2NJEY4R9TN5IYYU2DHO261O31FTKAJTTVHPAK2JM WA4', 'U760FXKVIO4AM8P80ULR I1FSA7QFAKKANWEWF V3B4SEK6 5OVBCAYV6100 Q0929LB02NUKOGK4C2 04VXV6E34968NW9P3KWANJX N1LN32629H1FIRUXJEI96QPVSJ6CPCFNH3POK5M82DN75K', '576DGOHMSJGOUVWC68S5', 12, 5, 11);

insert into tbl_user (u_id, u_name, u_password, u_email, u_country, u_telephone, u_type, u_lock, u_del) values (18, 'O4HFGLR775YXK5U4YPM6', 'WNJHJ M32SLRFAO7QILVNC8B74ET3PAFGQ6NMXC3C6I6QYOTMIV 8ROTADV435ARYKXHDMPQCOUSCA1305P4M590YSR9M728QBFFW03Y94LSSW735XRM2 N3S KVVJRJXVCQK6H91USDVL2722NP2 ', 'MA9PMDSL6L0KOY3Y36Y85DKCET9 V5UAJ6XT5CNXOVOGSSYX4570117U10CAP EBY6GLK0QSTLUGJT2SRJINHWLW9EQYJJNHEY3P5JNR3K9PUK3QNMCX71UL8WXT5PAXNDJ62VXC9T5PC7QUQTP5Q4', '28WCKKE25T4KMC3X2CSXR WUPP7VSFQ 567DQA3MITKD4NSN2QV1IHEE4SXH9S8ADXW767634966EDTSVNFBJVHVRY01PRPPDX4YTSJ1JQHI095G92U35DIBTVRVHC5D2QD4D52XK KE7PXS84X2GX', 'V9OE97K7M7EOU0TEI4WQ', 11, 3, 2);

insert into tbl_user (u_id, u_name, u_password, u_email, u_country, u_telephone, u_type, u_lock, u_del) values (3, 'M0UB0DTSYNU1KOSPG1 W', 'X JOSMVKT52PQ6I9BT85II4RBOOMRNOQ1N6I3V9QLY1NSJ3YT0V6KRQM1NABKPH02ERRA9R3EYSGYPQOEJT9KO1FNTR8KVKAFD668JEOD XFFB046ARLDWBSJ83GJ74C 5Y9SAKO4CVKITN6UH6WU0', '0UALW44Y2OUF4H8J7XCHADKKR69O3XCL9J4R7FTHQQA8KFAQ5UNW 1P5YLQYNB5FREPQXUD33XN49BPBFARI2HU34YXIVSYBN593NRQ9Y2VJ1TQSPEK WSS72YWE 9FM7CAJJ2L46S55A FCS872EK', ' OTB1MSBOAM2TMB0R4DT391Q5Q542DC6CQH98FK1CEHR3SYUMWCB5UE305MH6IGB38VSASKKCIFVCCCPMG6OHDV4NUHTPG89STB8LLBKUFGKAFBBTWT78GVV7JXVKIYK 1EX652E QV65LH3C8JF74', 'KJBMOR3457CGPCM6V QQ', 18, 15, 14);

insert into tbl_user (u_id, u_name, u_password, u_email, u_country, u_telephone, u_type, u_lock, u_del) values (17, 'LYS19JXQK3AEM8OKHMBT', ' HNE5V7NL37NI3U3VHVQUKFKSUJTCNWJUFE6HYF0NN08 HDE9KC7TOKXQA1BAYJVYQTWGT 3C9XPBTAIVLR9JX826UKHWJPANNE889SIXC 897NQ8FXTJWS300Y6QUF0JK6ARROU GPDAEF730676W', '4XP91TKXYBOHMX7 FGNQ OYAKTEP4P0Q8EYDY4UJS3BXAAW6JPAC52GNQNCN20NNAEPRKUI6U8H NSBPYY21OFTCB0HT 7U47BXS1LVAXPHVEQQ3I0Y4X J3GPNW7QLBQANPW8NUJ5QPENX5S8YTI5', 'L YSDMBFMHAC2JJ8Y22098QR819BV0MT1T35L2 E UB4GQOXT8BPHCABSWQ0LRCCXCY0KH3XN7QL0G8SB808PCO030Y0UNNYT8SOK9S0YR8 GQ8QU1JTC690WD3Y SGA S E7WN 2BJBURD5M96N3 ', 'Y54FQNNGX3FYYHCENJ01', 9, 4, 19);

insert into tbl_user (u_id, u_name, u_password, u_email, u_country, u_telephone, u_type, u_lock, u_del) values (11, 'AC80B6URNFMD5 HSQCM2', 'P1FFHP7XP6J1RLQFNJCB75ORP GHB3JTDTXW1RHJOTTS81N L04S3XJDK3O5QMIBA89D EJ0FTTO9 SVJJQYIINW5EBGCBSK 2HY863E30AP0476I9UY54PSMNB K4RJXXYW9YOFT7946MQMJBG68C', 'NY45RE95HSC VNVQ642TNHW6778Q38BGRHYHRU 6LJCVNP08BTKOM4C3GY07IDJNYKIGKLJOJYSY4VM0F2XB6GJD2G1187NKWK1H6WAOGUJ D0BJFFTYT8H3X839GJC9R6MMM YE1G7AJWYERSPI12', 'WWPPGDMH5EKXWBA4VOUEELGXSRO6DT 11MU98PR6NRFBXFYR4925MQVP6RPSJB8QNMF3S9LGF687IQNVNB5E1HXUSNBM32GP7NASFCM1H0EJ411L5TDLFLS3CHS KTGOPX2OI2LWBU6U8448Y7SUQO', 'IMA ECERVY1BEK0 NVME', 8, 17, 5);

insert into tbl_user (u_id, u_name, u_password, u_email, u_country, u_telephone, u_type, u_lock, u_del) values (14, 'MR0M4HRWG0QRG7 BWO9N', '3 4LSIEDPRQD7O03LEU 17 00MPPT2G9 6WT7YCTLG0U7T AWDDY7G88G65AFC58DQ7TADEMAHCP339PHYOJNJ6N600Y4S34 MA0115BAEF8BEETYI24GAP18HFC DM5EIGQQ9PVYDYMLQIMS UY4L', 'JKH8OLC4OX8K2OYWH5IC7WU9QCDHTJGJA7PP3D2LXUJ80YAP5HKJQIHP3BSB5AM2NK4FFLVJQKH6UKO9G JHRGQPQD0EHL71SESIIW1EWPCQS5AE7J701PTONRNBF0UQ4L8H1OTJM3YOR4BUI3XC4W', 'VH6KASFCDKP28PGJM10TKFEN4AV97YV7V52QPK88KEA10GOO1Q5EC667ME878DQMRDE5OKJ QE2AC8MEFBUI2L58EBXO95B9TN1FOO02TY7N1XSGQCQF2YY5K1BOG2MCLJELXF8S3KBCN3PJ4I UJ2', 'P1O1QAR63AT14OC4D97X', 0, 9, 13);

insert into tbl_user (u_id, u_name, u_password, u_email, u_country, u_telephone, u_type, u_lock, u_del) values (7, 'QX1O9VHFUFS1E6CV5ATL', '4JALO4E8M VO36YNNOH8NV D6F60D9BNCRX1XU0NHOK3KJKV7HQI82QMM12W122PSNF4IWR14NBD8SPS HFCJ0H0IK9K9FL6FMVUONU10TSRKWQE9A2KDK083LBMI7INQG5USCTD5EG80QEVSVULJE', '3 6UR BP99G7LAFUL8AON4JGY7RRJ5ADVTV5YTAJ4RQGI9U1ONNLDPMUG1LUGGN2JAKEGL90979O37AKGWN3HEBL2QXSLQ2LIIFGWGX8EGND38KDE MN KRP4O05GU887CTBJ1R2DCRAQX60WR2SD ', '77IOFNRJQ0XVG0H WF3XO0J0X93NDWBHMMWFNGXKNCWINI49O3KVYPSK04DR235EXIOR0BFXI9WK0BFPCVMFHUB9LI 0WDGMUU281WL FMMA23RHNPNO ASCBQ8Q52JM5KKKT8GQK801WT9GDG9 VC', '9F1MDH8V901QJ77KFMQN', 3, 10, 0);

insert into tbl_user (u_id, u_name, u_password, u_email, u_country, u_telephone, u_type, u_lock, u_del) values (19, 'BN28AEWP4F9OXL1OTXC3', 'I443KC87LWPCXD75E 23HC31NKTOVK 4EMVG2LY60TXWLGC4PWT WDBGQW6GYBL9DX6GS08O4FG5EML71CYKI58M8J7FO7A8FBEADRN9M WHB7FC1PNQV9GXXAS9FD2DS7EJ9QSDHUEQ52B8LIIRAX', 'RTX4CP 2LX2PG52B1Y1KO6R9HTH2UBLW07V7ODQ1C8NBC9UPT1APW2GLLMML23AWXUB 37RWHEFUP5M0V3 A13NRF1V 46G0QCQFYFN2TB0W2FSFVJ4R6JOWLAUQPTRLFYJFUFIIWKYWAX7M4GOFIW', 'PNV1QCOWELOH NXTWW4PBD4 V2CXFTXMAOXJDIT0VB9CDIIIKSBN00UEAFFRBQL8KN9991H J8RR3E6LVFEKWTQC0DILGKSNDBM4WT3RSH3ARL6R HOT3S0G9BIUL8YR88U0XYNORU6CBO62W8GPX3', '8OO1LMW JIY22HKFSBVA', 17, 18, 9);

insert into tbl_user (u_id, u_name, u_password, u_email, u_country, u_telephone, u_type, u_lock, u_del) values (13, 'WJ3YEOV 4HX72V9H0GLS', 'LUX3BYEJXX1AM7PHABXJN5FUUMXGQEY0BLM0RXI4W  9 RQ7UCHQUCIPH3HE1QQ0BEOCK1I72NR3YX5Q4MY9PDHLV4 BN9C49C1IQJWGIUQTL0HLV7F4IPA1L5IDDY87YGX3T3 ADGKQEL6XV19H15', '1R47ULA 4TGQCL1DAHEXHJQ958KF4KFY703B6WMKDL045592KTV4S9R GF8HV89WEBKU67XFAR2TIDGRS QRUEL0IDFEPOW0EI91ITIW7PVD76583 1WTQ8PE5A0ER0JKWLQUYXFW3GV0E3D0CO7VW', 'ET5DD ST2ULHPNEQLJFQ AX9H1EN3G144WGA29DJNMKW4PLI IH7JF27TK0CY5DA0LUHNXYUS62XYQ1WD6G2TUJGJ 1NFT49C6N043HA01UO57MMUJMNXOB5HYMG0DQU1B4MKR2JG4DVOIFI0Y11XV', '8AC4L8CSK3RORUGINPMT', 10, 8, 18);

insert into tbl_user (u_id, u_name, u_password, u_email, u_country, u_telephone, u_type, u_lock, u_del) values (5, 'GDEDS9J 5FKKWYXQ4695', 'L7BGDVH4NP4NTRUPTQT896GQBKV 4NO0V0PA4CTIORMRKGGW9G0T PDUUYRUX37YDWHRNCS9289G67QI S7UB29SGAB9WE3024DV4O8XHJXF17CUCQNR 3TUNBIUIC7PUF4M BMG8TJ7RSIKL NY4S', 'VOQ5PTR8IYP3VFVR3OT5M6TRE7OV918I1KMAGWNTNWA82BC86ESC OHWEWSV7D71J9QR 2 2V55Q071BKIAPXKWCQUI1QV0VGSA9KRNIYMTIALQW 68KLK JAKKGTU0A4B U83MI E9VALAOHL6OX3', 'RM0NMC5O00F55N4W7HQQY HWVM18KX BH92LPMCE0TF5H6VAN62NL2NLN6LMSP7SBQ1OC4580LI8OW1PDS4Y7U6NQHVO6DS0HQXAQG4QNQNQ 5STQM57CP53D1NHWMXKD874XUUBUTBDJXC5A7WDGQ', 'E F9E6PM6VO29VEEO57J', 5, 11, 3);

insert into tbl_user (u_id, u_name, u_password, u_email, u_country, u_telephone, u_type, u_lock, u_del) values (8, 'R2D8IDFBDCDUD9II935W', '8NPG63JW0W8DLTXBW8JT 7AIWROTHR2C79OUCE14IXN1K7 YL0A 9TS TYD7ICG305C8Y1C97F78XGEMOY8DE9Q2007S4U8IG8D1092Q6JUFK4QWQNVRDQXQT9ISQ8K9UR5AL642YSAPFOVHU4IJ8A', 'RUAO6L7AJJ663 UTUD9RYH51KCA738NA6I716EFSYOKUEJ0CDCE2 HSDGF JKTAT9QRMU6UNPSH 9U4P9ICWXDXOVFFCOF353J1K1LJS8PEDHJCOJW8YW22QSPPH2G5ASXC54TES C3YGRNMBFJ4JV', 'PU3I7EXSX R9YEO4YCQLL95W05X7PTOL0OOQAB U1MM2OMKT53RY2XHD28RDC91N6C9OBFNGJV81JR 62ROXSC DTM9P8W7XHG7F3F7WTX7Q480 GEHQEUUGNJ3C8AS23J5B1AS67WCTKRMQ3 IQ36', 'R7K8XAWO00G0XW37AHVA', 4, 6, 4);

insert into tbl_user (u_id, u_name, u_password, u_email, u_country, u_telephone, u_type, u_lock, u_del) values (12, 'MJYOECLY1CJOEH7QJS P', 'C41EE8RHY31GTRRTO O21UGIWANQ6Q4WCI4LRMPE51FDDTL27E QC9NV8B9AQ25GICWB892P85W1JH9TF91GA10 KRE SXGRP9UJB2D2IPWDTGXSDTKFPXLWV 8GSB8H5YXL6J70K5GOI3SMCDS689', 'IY6J90TOB ERAU0C3XGDLW4 QKR 0E J9F35R3OB6K5VP755238H9EW56818N0 87VKK62U0626XT1HIKVU7OXSJ8XBWR8RGXOOURH1QI5QI19K8KFXYQ2AW0PVIYM25UWJV1YJY47153WDGWO15MI', '1 X2AJRG0FD12Q3K8U5VU5MKGMQFAFKHBU253PSQ1 JB5CP1782R1QG71F7IPJ0DANJQ2GSXODYKVUW068EFORTPMNDYWU8T9OSM2IS9MV002556CGOMQJ0G8D3CADH5BUEH6TCBAG2ORCJLQ4E1GK', 'HD9Q1T9M0EOGMC6IHXEC', 1, 19, 6);

insert into tbl_user (u_id, u_name, u_password, u_email, u_country, u_telephone, u_type, u_lock, u_del) values (16, 'PFBRDUP0XPBEMAKKFT0V', 'IODGJPXWO89FN7VX50C11OQE2VXFGN84U5MVL6411JRO2K64UE 4OIB1200MW7X7Q7F16P6PNSMYO6ONXGXA PXC0EPSXL8VEIWXNIMJQB7ON2PN5DXL17Y9ABHUX Y50PDNV8QVPC0CKKE166 8GD', 'GDC6YH2S7P59AHTB6GS5DA08IQ45X0R7TGXPT9AK1VT24C7I9J1O272N10K08QX6J348U20WVSJD94KQOS72G4TMLOE4OE3L7O6FC3YXN2WUWCJ6TBCBV74XDIJY1 KW X2JRF3WRP6RDG3CLIC RH', 'GNL93ASCBJRK8ROP0H2BV9GK9KVMMJLQE OHAYKAS1BTD4O AQGGGAYGWQ0F 89UFBT431LCERFWG3934B0IC4FUMXBYVJN50HU27MODWQ7Q3672PSDNAXT5DF8WCG4Q7PCTDTWBJDKTWSJ0T31Q1O', 'DJN6OW9AX9QPBF GE2BV', 16, 2, 10);

insert into tbl_user (u_id, u_name, u_password, u_email, u_country, u_telephone, u_type, u_lock, u_del) values (10, 'PXY2TI8K2KOSRKD30QEV', 'MF8X0 Q KOTCIH8XONW0YOLHP8RWELFXY48CAFTJES3TAWO29GQD4IFYAGQFR5N1NBPJML51KH5IWHOI6MNBXV9MNHWJWLCBBL3EJ45AWEANTY7JU12R2XVG2S2Y0S9OA8VSVQVH1TXFV9RSJAJFJ ', '5D0POO3DYJL JJG1Q951G6XRGTIAWDKV8 QT93ND279H60WVFLCVNOWK2CKWEFQA5XBVMPLO3QQBB7KP NCFCLO RU804PRFTI19QLRWF4AX1209IBOA0UN3LCLQ0G5YI8PTGK2KRIS294Q5GOGIV2', 'D RW4MKRCTILOIBJMD3L6DI7L9RI87C9M0SD16PB9S16  VOITXLJAMPWAEU181KA62AS9WP58CX6PV G4V4U1XDER368MYAHHQK36FKHTKOYT46OWC64T588EQ3FU 1K4FHAYID3FEOU3KTPY9A8F', 'DUHNRVXTR4A0K6N1P20I', 13, 12, 17);

insert into tbl_user (u_id, u_name, u_password, u_email, u_country, u_telephone, u_type, u_lock, u_del) values (2, 'V492LORELT1DNF0YDD13', 'KUIH69GOPJM3LCQBW8HPEU3GGD7ML LJ3NWD3 YFHO9TRQJX8JDN7XTRVSNXQ0R7V0RWSKIB 9UK GYSKURXQIPK3WGRL VTPMJ37BDT1WV8UXYA XDGHFMDS0XCT9091GCSEG3J3MJD0JRX62TT0A', '8UV48JXKIHSPNPD1H336JXNMBVGX8GWIW59I9BCMFHGRSLW3 SOMG4OGDWHG8YV35RN1CDOSHBLAHH6JJX3EYNJ4JJSQ2ADEGD7GOE1YD9MGPT5P7M4BYXAUI1WIY1QNFLGJXJBNRJ6HWGKO1XX9 Q', '49S5RJ0  D5HDOM7GI021M302E963AQDK9U54W4UXQ528A2BK9MX7IQMMBFPSJ SD0DNBWPURHRIBSD67VKB4VMP7WJQVP5HD6O0DRH2IVHOD22GQERRMKDOSC8PEW6VH99TU1 8621IQHIFLVFU1V', 'G977O4 12I7H5S20WYEM', 6, 14, 1);

insert into tbl_user (u_id, u_name, u_password, u_email, u_country, u_telephone, u_type, u_lock, u_del) values (1, '17GW V63VF8DPR 7 K4L', 'RV4V8J06KOTY6BC5H82TW63HXDCVE8URMYTJ9VVV7CI0QS5GOUHAPIUX8I8D8LLBXK4LQH4IVM3TJVWA2GCALT XQB329GUCQWTW29I1S551V QJAA5GWC9FVWRR4086B97TKNTFGLOQT5TYBR RSU', 'PHXKKKNA1QMW2BDA80D97S3LY75SUC CEIK5YYEG87NQ4YSL8XXEYYSYKMO2KTJDQ47SDR0EYA5DYSGSLV8WWP2IH SJ11QUT3LAHCTFQST1388KB 3KUXJTKYNVIK46LYKH85N5R9DVGYH491D4VN', 'CLHRC4YMQ2MT1TUQGRT4G57OS0780E6IR6B54RNSDVQ53VX9YPK24W7URT0BBDGJJUEI G5QCOUKT0ADDSHPK8NG52LTDWSHFLVLO8K7OKX9YEMBBBRWOPXHDPFFH7L8 4X779NB993BEF3O7DKAO3', 'KLKTESBHLU6L25KD8U5Y', 7, 16, 16);

insert into tbl_user (u_id, u_name, u_password, u_email, u_country, u_telephone, u_type, u_lock, u_del) values (9, ' 961HDJ3YO1GE KH6 7M', 'HB8MIRB4H1A5438TUGOWBD81B7DDHP5THDRX8P2B81I4WVWKGVI16TR HW VR4OE38OFBOEQA851IO5CHAB9WCS0KIY4G9XD7JGWP547EINSBHDAVAPXPOKRUEC3TS46RRWAT0U8DRPIBOQ6J9MIBU', 'AOHWHNH4V9RT00STXN2UIW6Q3  JV7B30ELSKDRJNCTFSHP2KGHE12PHI4VLKDTLVN5B6DFUN21ATDPV1ELEQ6SCOV3YD19OMK3RM T8KHGG23UBBSRYG1DJ41M29KW HK729FL1P4WPIYHNWC4W2A', '29N93NARV5FTR XXMLP6DRGLIH8M4IYBII0Y7YO44XXMKHEO91DBWGNI26BDP29GBE9OEOT0FOA9N4H6UYHFU9S1NLANJCKQ2HXYA54CAY509CB9750TBUX4JXM2 P8IUQEYMHE5UQ VSCCUQRNKLV', 'XXTX5UO2QQHIBH1KO3NI', 19, 7, 15);

insert into tbl_user (u_id, u_name, u_password, u_email, u_country, u_telephone, u_type, u_lock, u_del) values (0, 'JE6UJF9OAQLN9HT1T4OG', '0JMVJ0IRBWP91ONKXY0QCE  5EFL9OYEXB9647UNCB0E7AQIH572UWDMD2KJ2AF7UQ6D34MDTUOD0K3YIAUBQL05VW 8TA1L21QHKF354JSAE0CEOGU W60K BPSJTM8Q7DG4X6PG5D6HDKRIF7EFI', 'RHUS40785D8M0XHSOPUT0G5589U5NNFGIQEP4I87SS80UKO39WAV6R1T PQQ0CI2G0WRW0FIVD9GTXB9TFWYJD8YXPP0QQ8FR7XCIHV5PFQ2TMU448272MVIH4DA38MWSCMAUQO0WEKDHWRE8FP3JL', 'HWMVOYCDRD9JTI3RLOQAYGJC92AD AWV4OAGJ80F0 IM25G0284G32WF38AYABH9QUH51KD 5788V1I2BDPB4MBL3QQWOONEK1OSW7WXK2OXPY2SAQOILR8QS510 YRI30UOJ304 PKPUC T17UYVP', 'I4EV IBW2H9CS FSS3B ', 2, 1, 8);

insert into tbl_user (u_id, u_name, u_password, u_email, u_country, u_telephone, u_type, u_lock, u_del) values (15, 'XGED75L5SVO8NYIT3DM3', 'Y8PDV6K6KBQSL3FK85Q0KYRJEC9MVVQN10XRK9HTSBO2W5LG6 Q7HG H1X 4VLJSW2AUYT6BP72WT9YVG3 ECG5F6NJN9NRAS05O8LUHAA4WWY282TQXAKLP1 JM52OLEVRWM5V62CV9SPU4HV3UKD', '3BG0WA5XOL8MQSH10WBW5BAMNRGA8IEY14TH07PJGN3DEGVH2H4OI9GE1PF9OU02XKVYXJFG12K3FA6P1DSN4W0FJQ0VIRGX 88VF8ORJQ8H1QD2620V1FPLR7EWSEJ8GIRXSNO34HVB2N8JR TLSD', '4N2AAHVH5S5NJH6S8DBG8YBE5S2PH12DH1  0WS67AQ0R9TJ39VTGIXUF80FEK1CWJ0B9BYOE 8C5I884F6DLKB5TJWNYQHVXORIO4C85P90S60FYB2 IRUE92 U14VR5V7XE5QRYAPJCHHD7CLJM4', ' 9ACVCBQAQ2D163BGU9O', 15, 13, 7);

insert into tbl_user (u_id, u_name, u_password, u_email, u_country, u_telephone, u_type, u_lock, u_del) values (6, '0VCAM428B R5952AGVDN', 'UTEYD1MOTF231UC 0I2I1V2VH9REYSHBTDLV8MUD0KJHSJOJAPTBA8FPEKGXW29RN7DJ3QYUA 7AILY5 4FSWJKEC2PDEOA0RA62PE7P3TW5ICH0NCJ81N60C 43M8W7VQU3K9TI1C05XPO940BHM1', '5EEC073AY8OULVVKDVX0MKT79S4HH7HQP24CMVHE4YXG6P15H26YSD74S3KQK8QVHENB83N281MK7J5YLC4V20MEWFIWYEQJEXS747Q0AQ38NNN Y215EYYJIEB0QI5Y6S9WVREG10RGUHHLO775 Q', 'OBR1SL2QEM8GM32MOUCDSM06SVHR75V2SBDM5O  4LUOIOX7KQVLX4HDUHIRI3PFVG5T709PULOONJPWGA4FW10LAE0HHT5HHH6LBPW341GJ6NN692OBRICROEQWBTQWVRMT6 HSB6Y7F6KVP98ISV', 'V9R K8HW 1TLFFB N5SE', 14, 0, 12);

insert into tbl_order (or_id, u_id, or_sumprice, or_date, or_status, or_address, or_telephone, or_username, or_postcode) values ('3TX56LY1VS  IBM5GVJM', 4, 9, '621-4-21 6:8:51', 19, 'EW2EA2GOK5MW0DNWQ66WPF89P2RU H6C39UNDQWK 1YK1T84GS ODSHWDSYXTLQP6HORSG2GYNSJRJ1LJ1PDENCJOLOUT2EEGF8 5J9NTCE9YFM12 E0YQQKPJ3DURRRAEY5693LDVTXGBQCL2WA9SWK2342OGT7J04RIPF  BTC1WGIB5WIJCD6V2G 7TQDJDQ1YXFILA1XNU4TTKSP1VXBTPLXAF11AXLR9UI7LQUT4PEJCYQJ0TO02PSDUSG47MCG7AF3  ERGV67KFRAUEXDD44EUA2R9OA7N14G7UN8KQNISHMXTWCRYEERA975 VMUGQXPBHAAHJB9Q U4CEVOOG8W4VIOG88TIYEEVHUO8FWFRAR3UWORSK1TGAUY7BW8Q5C8YTLRUJG6P3GTQB8T5EYACHDNC12U3PX56VMNFSBRXIUVHIDR73 PVFMOKQ13LWJ4OHR0421MD2LIN72QT4T27Y9003U08XUD6UM826JEFP4M', 'SAYRE886H03FBGBNINWJ', '1B55J9SODYNNWGLUGB7MK3D9JVO8WW54L5B0IY3SR5FTWT8U1O', 'DI5B4KW71Q3O1RWCECHO');

insert into tbl_order (or_id, u_id, or_sumprice, or_date, or_status, or_address, or_telephone, or_username, or_postcode) values ('SV0EA1A0SYYA6IQ09ECG', 9, 18, '1478-4-22 17:18:1', 5, 'P1O1FE 3HSDUDACE2WU8VKNCGT0U3SORAJT018T4YK7JWU6K6RS7HN  HLTVU0A6X6DB5ED5SVELDQOMOG6XAKNIF RJRKQQABHNTYIVB5RM1A49QSU943DXIFT2D0KY08NXLGWKSSIGSAESIHV5AIPU499VSA50T2L5LWX8I102YVAA76NQPGXMJOOHMRNSEXBKFKUIW3 JFNAD3DTAP 655TXM19YQKR3JA7KOA1G7NKREEJB89IB3DQ53QXR11IKKU1YN5UOFK2QCF D7UY QNCPXWCKHOXJCCLH2VF7UMV4VK0HXFKNXFJCABJMJBQ5OKUI6 LW6W8J84PFBI0JC620I9W DTKUKR76V 2TCWQGDI69F7DM6HK 2J8GP4VC5RECQFFEEQD2Y5EBH25PBVMSLHRN065KQYNO0V9BJ MD7I88V78DCYQ8V03XDXOUR6KNJXXI5S8513GX5AWXGC8GVH9IJEPOUU5IV8S9QVIX2ERKY', 'N 2LT 1WHLQ5FQ2RF03 ', 'S45JMYV098LEK48AMXV  UCOFNW0SL2W1O40G5XLRIP5WHK733', 'LTS0TMNH2 BCDM71XJVY');

insert into tbl_order (or_id, u_id, or_sumprice, or_date, or_status, or_address, or_telephone, or_username, or_postcode) values ('CDMK5N96SGTP2F6IM90Y', 9, 15, '697-10-9 7:27:22', 8, 'IWIIOGSOVPBWLDXSYS97G320D13H QM5JC21NLXKN92JNPOGXBQEA0QS2VR7FWVRNP98 QTXS695LPCYTYG HKC28GSQDMAXMYJWFVOCT384L7KJ4BT1TP90MOWCE98YQE7IRX0KU31HT BLYGYH1C5WLRJT90ACVS9ARRMGFMIXFOTNVTTP 8X80EYQM0BPCAJYB2K1PKCRNWLF293WJ1SL9N7789GS2EM1AG6KC7V1R4FS509TLC9R9013VQ7LI4VLKI4CI6CC1QFRCQLW0O3PGC3VB887LSHF2NBWXMR2T0WHEH69SECHVYPPFKJTT7EYT8WWV1T4F7JBIRSOWUCC K2B2CEW8IBAQJE54B448F8QJG2ID8QPU92835F0DBR4XOKNYQYEOM7DQTEV8MD31JGJHGEUBL VESFJ81FU6SX20J HJ3G8PCP 5LHAPR2L9SB3CCG38P6QQQQPFKG G 3 4W2EOKV0NLSR77OCB5YHTXFL', 'AW9G88QDBXDQ2DLRD5US', '35288G7QGK2TFMCFFS6AIALWTJ3IQOHIO98G3R3A8U6IJVW233', 'FU6TQ2917ANCIMY3I7G7');

insert into tbl_order (or_id, u_id, or_sumprice, or_date, or_status, or_address, or_telephone, or_username, or_postcode) values ('JHG4S8QGVKQSJNDSSEPF', 3, 1, '1-1-1 0:0:0', 17, '0U4EG7ONFKUCWA0HO S58IJI PNMO KTHPFNF4BO2MSGLHW0KOG1EMA7T TJC9GR1SQ2MAMH5449J6QAI87B89XKEDETBG5EVMK5RN 3T EEYUHNS6T1QM8JCAJ8LPJEBQUK6LL86YFPO9V2NX8HG9TLC OMSJA3MFP2PUE7FTB51OH7ETT0J40Y2LK2 XRG3 KOOK63R6EUXRLDE226KKXG997RT5845M5H0DFJFJD2PKCJ0SWNQDJLNWW2G1NC4DFR37HUOD59BIJAN1EAORHI2G8ILQR4GAO XHE0U1X28HXWQR 4OBA19O2RGR60L8GOYY3P9Q96FRVBQTDBG 7N5BJNT46910MM8V669NWIG0N35XI6A79FK 16Y7WU9C9P9T2EAUW6CB8IJTO70S96G5BGOS89UUS06S1 P9MCP6EFE0E0XYUCQ9BSD2URC1VPJ8170TOEMGRFD ID BE0EMCNWM78DCG7JXVXPAYWSHMP153A', 'M4I2P9QNEUWI376J4AL6', 'BY420 LYFTG DP50P83A85V4JQB2N164OYNC1YOLE0VP3W10XD', 'R26ENNRQ9HCXCE7E6 DY');

insert into tbl_order (or_id, u_id, or_sumprice, or_date, or_status, or_address, or_telephone, or_username, or_postcode) values ('ECJB8WTR1U66HD5O7A7W', 9, 7, '101-11-26 1:17:17', 2, 'IV3XFJWNOHJ8K3T S62SACOJDY443RKUH4UHV2UKN1UWLKGSJJ 0BKB41 5872JADUERSA9AB4 45W7EI4RGCHKP33G533 07B9GB6KWNXHF 44U B9P1HIDB7GRIX4NG6QYJKEO74QXU7KAQ16W1WGIYNEK7FHV7HWAM8R 3PVGI07 3I   XYKV6DN0FUL3PL5SUUDU5SIUCYFYEWELPX5GX5VRO8V7QHV8 6JNA97PU18OT0CM9I2KGCOCS2V6TXF85JD5DPBX4X7672NUJ49OPB5NBXY9O6I2O1VJ2GBHOF7XGOS1DJSQ194MOQM4C7F1X07KFHAAWKEXV8W2IOY792Y78PK2DR4I24PGYPYC2O N5URRMW46IISF9BLTMD8U89V1IOTOFEE7EHV19PV4D2CAXAOPFD1HEMCLDTUA2L534UBUWYY7U00V9P LIWHVJQX08ATA1H I9FT3WS70BFT9AVRVYS5FGCKN814RAIR14HV', 'HF9DCI3OH94PKTYL00DT', 'Y7JU1MRS91AEQWD8LYHMSNTYQYQ1YQNXX PJGFU2C2DVUCTTY3', 'XOOM86GHIEOHY5MVD3GT');

insert into tbl_order (or_id, u_id, or_sumprice, or_date, or_status, or_address, or_telephone, or_username, or_postcode) values ('42H55U0QGIEUNT4FOFN6', 17, 14, '996-10-16 12:23:7', 6, 'SKMOOM5JKVDGEBQ9PVHCGTTRVLEIVF4I 33JWWTHYS3QNJ6R9FHKUW5GRQ6EPB4GOJ76VUTPLQ7AKYD7LPYOTUCJNC6SSC540X72DEEUQC52OAASC4T7UCG1R Y5VGLJ25MVN1GAK3O40PQE527W0JCLD5D6A0NEY1AEILS FEQP4RAKORKOUXPJR5MMTS93XB8MBAXLMMO73GBHKFNLIIWU8A2HUW6M5KWOWR6FFX15L3Y L4HSKL547QHU9 XNUDWUP3NFAHO8QI3JITCP9YHP0LT1H THC57JMP78LBPB8VFC2FTT7QMH2UCGHAX5V8 E4GI3REKEARH74QQSOH53VDNOQO59TVS67O0Y8JYNO6HKHGAHG8DRV0JH9E43J9DQE XDKJTENJHK26VVRBEFKH5QL1ANEET5QG8M81G42MA RF63HJ5OJCUIUKUHVBFOUMRKULCG8OJ9JN7GX2AOD5C1KGTWDUUOTD2SYPD60ALHC57F', 'TP5W2JNMW1DGMN6BEE1Y', 'WIN5SMC49MHLX1RK64WJY53S6SNDOY9DOT11M8H2AUAW10RA80', '7FJJHED2L3P02CKPCX7P');

insert into tbl_order (or_id, u_id, or_sumprice, or_date, or_status, or_address, or_telephone, or_username, or_postcode) values ('PD7SH8CATWRVN7PGV0IK', 0, 2, '342-3-13 3:19:16', 12, '0I9CMDLO IXSFS0OA GH6RL9UJME75QK5WB8YATXOYSRIT2DH64J71ETOSLE4TMP9MHH05KHXGQ08KHL22WFPQG2YX7K76YQUHI0J4M7F0UF4H1DB5KDEYPFO7 LI75PVQ299A32G21LU0RU0EI60PEIE98V7QVXY FGXJB8TJ1P0FXBF31DCW00640FGJ3Q39SCBSY TN9LA05AE0516CCTKB5YEB PY12G9TXTC2YSFTADBAO2ESH0ROCSBM4JM4YWNAGBSV6F4XJC3G8UUUQQDG XGYA2RSYHBR1A1JPE69B54H6IF3RDLE802OJCMQBM8SGNLY54DNCWDQOT3XHF5K4DH49JVY4FCPQIFEUSKVLTD0N8TP3JBGE 3G2 SY5OLV721M 6LJDC4FUUJQ1LUYLF7TV56N2Q0HIRIOIPDA806MRCC43I2E11A8XPC99PNMI5D42JTI0JMJP5A BGSHTPSLOE5IVBKDGWRT8EVMUU2LOC', 'JKK3N3O1M SEUA9UMN T', '3WNRL9R8BPV1MVYAQ810G3BL1VLBSVVEWAOSGX V01ONL1MHJH', 'B GCUU68DWNCT91I59N7');

insert into tbl_order (or_id, u_id, or_sumprice, or_date, or_status, or_address, or_telephone, or_username, or_postcode) values ('TCK2W1A49L6EVDO4X55W', 18, 16, '1076-6-18 13:30:10', 9, 'F9 PGBU14PW9 IVXWLQYB58PKW5YOLKKXURQWHRAVDMBQR0LS6498S5KWJL05Q09WKG3MU1CH77WW5S0CUM26WSOXM5ENNEFJ1ALJSWTMP8FE0IHU9KOF2SGQ52M BYP3YO472DUTELGR2A3GYILP5LXE0VBD7LGSQCRMS7DPLHP2FYGHECGBLBT41DBM54OWVBRCJ0W LB4TN5V6 7343YG1 OL3C10QMUGIA4LAJVQ6OADXXIGGV9VEE59OGORN9KFPEOBFJ4PQUMJ1G0N8GRQEVGLQK4V0W9D3OML2JEGPX4OXNN UVQCCTI2629Y7L34C9LI2G8HQ1IQ IPU9GAQILJ9JWRBO9HPQQ5Y62JG2SEBOWSV 1BI9G2WQ91VWR3A 5HCB4F7H53OINNR0TG XIUXCVC6DVY6DVOTA6BP8HOPYGGGWD33WVYEETNIM89UPQK52SW56K3 KYM PRIGNIQJIJSQ7FLYBWPRLC7RNM0QXNSK', '45YDMRWUX8P89SUUF148', 'WH5ULDGNGL7HY35H49RPI00YLHCOGHCGG8XD5C98SLWN2JO3DE', '8WXANC2IH8CJ 0NFPJR5');

insert into tbl_order (or_id, u_id, or_sumprice, or_date, or_status, or_address, or_telephone, or_username, or_postcode) values ('Y882MUC5I56N1M6EH51P', 4, 12, '1216-6-30 14:21:39', 18, '2COBL9SPR 9FPXRB51ISS6F1J8UVN XK4 DM9Y1GTGHSR4VTJ65YPK6M9EWVDB9JIW4W48OGVLIP BALGQKNDL97RI4 RUC4IQBGRP6KMLBN4NOWCJHYUCSSIFC1IQ 7SI14RW9SBXKUUA059UFK7Q5EIC5IC18QMP7HQ6 APJQ4X7HXOCOVMO ABWWM1QHVT6HPCWMD5Q1X5CMYP1BX8WAV05R5EODXQ6DO78TIGAKHAH63WF6D93AN7HMK8NUD7C3V3CFBYB4I7DAGECXKVTGD S60EB3ULSOHQ9LLMEAIRN85V4 IDKNW1BYAR9L2V XDVVRATGFMWUOLIEIU1QX7KP8UA 51HTFYB3NHKWRKIEJ90AJX6LMIB10QXWTSELKFWM8FAG5SKO0UNARN5ED5IS5RMAWK5 HJI5UJ3BDE2XK57ASPB85KYU9BEE1TR34R170DH2W42BY5 MWC333F HQHBA42UH68EAKNJO1CLX8 TY7H', '81D00FEH UKR1KF6FAUS', 'JLOMAYT3QYOEX3B0TL5VA8FQDSD7TGL860XX87M5KKJ2OTG4IR', '7TQPIWEDJ2V21R71R7RD');

insert into tbl_order (or_id, u_id, or_sumprice, or_date, or_status, or_address, or_telephone, or_username, or_postcode) values ('FERSUBMKSJF52ARBO42F', 19, 4, '1613-1-3 17:59:13', 7, 'YXQIFDQYF1C0H05NJRO8WKU3RPO 3GLRBJTTPN85UJ5KB1BIGWP7PJ65OKYJQMRDQOEFOSY2QNAQKART6WCPORMTIAW96F4AQ SMTPGF83ROVWADRVK4YWN5FLOYD5X V0MS4R LKJWRIEJHARNXCYETN0QHTL5RQ8RK3LNJXJ9G7QWAVJ3R3BW5F4TYKVNF YENREBYMJRFBAKENYPH VU51AXL6LXJ9GYXOPM4XWHINTI9SSL1EUSGSVCRQNDA9Y7H F 15XWMJHGTIN5L7U2C13N1VH4IQH5IBXMCOSQVWUXR21 DR QT52N2RT3PD12CSYIBWKXL5W9FQF2U1NQGHTJR2V 11IKJ5OFW79R691ISR4MLGRNKJCP308AAHPGQLOXP1RU8O1LHJF3E1K 2RGT8CV8YMBXSWWCYXUYHG43UEGC4BQXIMXWID8V49YDOCQRLCA8U4VIRRADVCCH6OE6EW21MD5IJRY37VN2DSB1V1VJV', 'LI0WSOOUEF6PIIGV KNQ', 'EK KQP1XAK5GQQOY24VE7J5E7R9GLS18AGI65OOD0E YA33MU9', '9L1BBCKTFM JY0ULUB6C');

insert into tbl_order (or_id, u_id, or_sumprice, or_date, or_status, or_address, or_telephone, or_username, or_postcode) values ('T5LJUK TV3NL48HCWI6Q', 15, 6, '1426-9-22 16:43:37', 4, 'OWGXHH6J9NBVVBBOIR0Y1H590UNFO4HGHBECMMRQCK5XQR2KGR RI8FXYB4E7S37DUNMQ7 WJUMLYRAR0Y86U65UBY1A3KKSJ8CNGJ95SXR8LET34QSDSMUPAEQDX1D1OKEXGT8SLN8XPSQGBYG70OACLOBJAQ8Y2EHMH4V5W9KDEUHYJTS68ELSH8PBR17QGM3KAGDWAF3 SFPSCX6F7S46TYJX19LO5KHAMR9OS7UQ1ADCUCRTSNITU2C7RN0800OXAUCF11ODC5O8LIFTQTP4I9BONAB0D2H86FN64S96XJ63QAYJXXWS4MIIG8NV5AHQ45J4PSY62YNTYWRR9LLJOLQJXFGOSN4I0KOM0O010T6FF05YNAKCK3K8VPGK8HHBT3X6PJE14D33WP672FU8TEDR4TNS LJMH3IF2WU6PV25MGN9GBTIY8BVKFCQ241H1UX9WNY25E12E47KU51K NB1221Y1PFOGHVLH3 0V 5II085', 'J6I5NJCGFABQYI8GSIOO', '8V259D6205OG6WH U8B2A6I78JVW KQ3ARXW8UTBEXVS91C62V', 'DV6PJUWT272V7KWSFYMR');

insert into tbl_order (or_id, u_id, or_sumprice, or_date, or_status, or_address, or_telephone, or_username, or_postcode) values ('IBUAJ0QN2ME2MTMVEOKU', 8, 8, '1878-9-21 19:38:34', 15, '91FXI83DL8N8 91JU3GLOY2WCJX8USVQT16BNU5N1B8DI8X5ANYJUC3B W49SL4RL2RM1UR9GK8GREX8W1YWXSQKCSTN9WP7QYVVTX BU6CNG N5T1E9B8FJYU9ONL5SFFL7R9NI89IBSMJX8CDD01ERCM5S02QUU5501DD9QT0YH9S8DKE6IWOH5LBJTYKE7P7RG7KLFPB7TECDH84PU 1K02XO3GH3TIL3A4F8ISBWMT EVPM8KV2JJDH4G259YYGUDXWI4S108S7WSD54SJ3KHNOVYQYVXA8Y2PQHIAWNHYD7LEAX5BAJI K59T5K4QMJA3GRUVJ4TCJAOYVBR KXFCDCI3PMWCMWF2DPGXWU4FLQG126CRLV0MRYGNE P4IGG KBMU6FW28UBN8I48V71MIM94R8YYUSUOX6OTWM4JUISM3HTDOEE2T8PG4O5OGNMB3N01TBBIODAPNEQK0JYJ3R31M6T FXBHIM L1MJ3QLFK4Q', '3Y26N27VEYDQ83SF06I ', '3FHWH2TN9VES0044UYVG7FUNPK4D1S95OGCEGRNOMV0NS3UY5M', 'CLX7RBTYBGBKJ4FHR6LP');

insert into tbl_order (or_id, u_id, or_sumprice, or_date, or_status, or_address, or_telephone, or_username, or_postcode) values ('IRMDUU6NC8WD2QU8UAW9', 0, 13, '534-9-25 5:26:7', 0, 'POQGNK0B8N4BHH7P19DR1EUPEQS5PR261WFJDLK7IHBBQOG5E0PAMDX YBFJQSAGMTHX4W2XQ4N3524OIK848A5YX7  51WJVI3CXR 1ELD4EXHT26KVFSPCG2KDLRAJQD56SA7CEAIN4I079G0ROJ1 9047Q63QNAGITJTR91UI2 JPUGPNN YVLKBNBEAHMGG11G8DY2Y7WD4B2NJ4WKG67NMK2F3F8JH6NY2D008WGO66QU7C3KT7FMBFR5 8HMLWSQB7JVSFGRBM6D57W8PF36EE8FSU05NXOH8F44K8SCH29TN72NXGKIQ9B K8X0AMHS9OVL9G96W6DBQIAWO4Q4VHVEOOVGWXH59WIJCVTS1OEB5XCWEB1066TAPG26QJ XA16N4YBPNKVQJ 1HR5GIV421M48AQRAGPBNXNTQBTVPUAS7FTVGFUQL0LCK9OJQW515XP62YWVGCH5QCTX3WU4FH3XX02JPDJPGHYFBRG 5C4I', 'L59URIUMGW4L268FCVII', 'KE8 S8VQ6YJ6HYJ1J2OOSWCYX0V0K4FB85L8SCHFBBKEW4E68L', 'TND1YVEBO77RCAE2T9GS');

insert into tbl_order (or_id, u_id, or_sumprice, or_date, or_status, or_address, or_telephone, or_username, or_postcode) values ('KCKKSTEHI 8SU0USMHI0', 15, 5, '1758-2-13 18:46:20', 16, 'HUBTVJD JMVUKUA NX2YYVRPIXFPEDV ED7BXAPR1H09CGEVYG9LFSBORFYS9B9CFAJ9VLWH 2RFO BQ5STKACKR57K4FIJ KWSPU8TVI7STF OUPOU G28 S3XO2OS0UDLUIF39SQY11BY45QM4ETV0WV3OU U4AUY14R3QYCEUHED42ISE1XR8N5DG1YAQ093QDA2WALL5AYX22H8EX50NAHCHDKLV4KKNLEY4 290G3FSR04U3KFW2CVF74V9RJ5KJYIEC3DOJFFVTBVN3ROAA344AE593Y GK6AEO2AJOWBGXNAV2M7U90HH2L4UCDEGKQKDC6I4HW7ES0COLJ86D9QND9BQQD3VWNHAOKW536087FBGW9OK YSWND37KDY3IEVS39MF7XF2YRTQNYDXI3YNUCHA3P8RVUF517201QYPTUP525UXFJSIGXELPMFL 8L9 AY1DLUOOD3KXUFR6348HDGFQBBIC9KQE88UFY41EXEY', 'XSAQJE5N5K1OCPI NMP8', '7W7I4AU1X5FFKNBOP2CNUX0CN5OEA254V7 LW8 DBJMJQDSAS2', '9KFFCCF6Q0MXL9VMD7S9');

insert into tbl_order (or_id, u_id, or_sumprice, or_date, or_status, or_address, or_telephone, or_username, or_postcode) values ('LMJE GOLJV5FEQM05SCD', 13, 17, '416-7-5 4:48:10', 13, '2GILCX0PNXXO7NF86V 26AFQPJS5KWW5MDG5NSSC65RMDB9QCQPI2OTWML9UJ1LD QD20CYC4DWV9VY GAQ01A67TO46DCC9KN439CITLHYR5W0OOERNYSQAOUEBTXCN9O9Q8FVW9RBA9X8NN9A9ORYW4KV2LN FHR63V4MYAV83VAPYKLK85PO0MQ5XJF0Q791X4VPIGWNHBBRR5FOQB1VN6OL1IYFSX SPW1B8YCBGX71DO8FH52X3A2C7BXI0O25G8VXYL4TL32HAXXGWPYGQ  CUWVTYY3L 5JAMPJG78XB59R41YVC5V B35A7DX3GMQ4FE3AC8SOYRGGLM1SR11 RQ2JR46FRG0LOJ5IC98683Y2V20P795AY4LWX9UWD76TNJSR5I2558N4OE2EDVDMXESLDXMPW7BM8 GX6WT81G0JI9BMB0E4I9ON2HPHSHONJM3CP02 J7 MO202B1HDE4D4AGV97QFJ2D8TP2EUI0249T', 'KV6HVNFJVF2YA6A4GD2J', '1PKM7D3S1HI2H7BX65Y91 9UC4DF4RVGGXJ4F5YA6UON0SY4X3', '5A XG UXYR9P2PGCJES5');

insert into tbl_order (or_id, u_id, or_sumprice, or_date, or_status, or_address, or_telephone, or_username, or_postcode) values ('GT4JFIFRYQXF1R5VCJAK', 7, 3, '881-1-23 9:41:51', 1, 'C8YGD9W0YWIIDF5AUSIAVF WH65ND454LL5XD79MMSLF0UB57TWNMS42X8W1E6YC2J 7BWFBHIL65QAXSXITJUFQG7G5984G2CXBKL54SPXXMQDY DWBAY4SS6W9MNU2Y5PB0SYPRV8XUXO64AYV X1OO4GPN63I438J2H4DOHFMRR18MORABXXKWXR 0YOO04VEO3R5VVQLT25CXIRNJJ8AAENSXK46054GDERMMAOM05GHHNN2DR9AO89 6YRAO0TH4LR4BW0MUO58TTEV400PY11H2KPWHD4EIA6LCQTMEP9TFP9JL2CB2CNHE4VL VD7LH8M5SFVARK4VWSQ46TJVK39JTWLQ1A5 LXI7XGRKQMQRTR8LYUHF1NACA9SDATLTG15YYTRXWSUQWCYFFMWPYT68J7PIY73SB44XJPMJ 6BEFV1J016QIHN6XQJTAYA3SIOP9L643QNHK0QEKVEKQPPNBN50GX0HXCOUM8EXR42OGPG', '7NCNR6OODYV9DXQV4QOM', 'S2DCQEWM6VD8R38PW5PR5CD0LG27XIC79GPAH7IH7Y490I2B5K', 'FKMUD5I4C4N8CSHYPU1R');

insert into tbl_order (or_id, u_id, or_sumprice, or_date, or_status, or_address, or_telephone, or_username, or_postcode) values ('2DTNGJE7O96O2 4ORVQC', 10, 19, '214-3-21 1:53:25', 10, '1BL9CKXCNXJ1TI4A66HO 2MHOWSDQ27SYYJ57VSVPDRC0D A0DOVQV3QRU13FC0F8HR38F7NWPGWDX39BTB5TA9MXCVBK3WAGF3RPVH8VBK7P GPX5P0WEYRMI4W01XEQM7ISU3BO4SDW6789GTLR9DXPXD9MUH SCICRSUR2CL5T4VL87IR4TW3LJ KA 5CQA6WX3TL6NA2FA8SABD TVBCAQ6IY W1BK7HK2C0Q2V5M3CUF1QDP8LX98TLM4VPTMD32W3A1586EUI053RSLJ 8J9PV8PK6 E7CRQ YVPXKSQDPILDMEB3VOD93UVRF560I4J7NJ1DETWTH32C023RIRJUNIPGL4PWIJ996VVRDLC121D3QJ622E7GKB6  B3SYIRWGB91V60HAXVY5TWGJR50ME6 0NUB3IP5MQPXYQQW8YBYEWGM5JK23WH9BIXYT4SDYL6YBE8B1USY6VWI8W2320T1MXNWOWJ6UUXG9F701TWJW', ' MB294MIINUFA923B521', 'MR98XBGBF98GN9FEF10WI0P0ES WLX0HA3R 52P6I3LX1VN1D8', 'H3K 5XK HJYJXYG2RSYM');

insert into tbl_order (or_id, u_id, or_sumprice, or_date, or_status, or_address, or_telephone, or_username, or_postcode) values ('YMNG1L40PJH41FEK00HK', 5, 10, '941-1-23 10:41:30', 3, 'S9DANP87YQRWCS6XFEFX1PFU06LQNJ5LREQ 0UHUYS45UGLFCRBV7NTQGLXTN3YYY7F4SELYBD5NY9PPAU9MWA86 V51LBWCJCJOCJ37BT4SS5VX0V178J38 8ODWDRSQGFSJYBWBCL2 H8Y6WNUUSMHSV9 FU1YR1RPSOC P2G8O1P9KVDVVST8SVV3MQ26WLGW 512V1T3J  1YRTT2NEFF9S5FDWFGFS N93G883OTYJ36ATDL0YN3WJQCLGBQS6NP9X1AG 5AXNV27IC9RT6BL MCLC74UHUPUSEIIGV6ADII3CQBD3WL28P0Y0 1NPNQ2NTF0R9BVHSFH0OMJNFHYO0FQN9V679CGA6MKGY3VM4QTGGJJ7XKQ0R6ABD3AM1OVA NNDTBW5MFD KWW7BFW7CGIQ57SUKDM0I6MKPG0A1JF5M4NU4PPGAVKG8QC3HLFKLTSFSENWR13RB787J2GB9N5VT6LSO3EURACOANMSV1FWN', 'PGOVMWG IRB YUKCLJSL', 'OS8FANW8T3KKH2C3T6EE065AJNQJMM XLT2WRIRCEMQAVPXJG5', 'U3UYEP0A5 1Q7 HLX595');

insert into tbl_order (or_id, u_id, or_sumprice, or_date, or_status, or_address, or_telephone, or_username, or_postcode) values ('9MUOOPVGGNHQ8JMD5017', 9, 11, '788-11-20 9:8:41', 14, 'LF2F8AK3J91S6YO421L69E6N76F2ME0OBG AX9CSTDWQBXU BB7PJY8EK 5QXUQNVYC9WAYI9C5T9RKK5I0SUWACU3YV4K1XDY97YB3J7E7XOOFDED0M135AM R8D643EXPKX1OCI9DJAUB F20 X8WB I73XBJT3OCGN7VKJZLUS9E855MCE WMMYNH1F2 4HPQ1C8 A0RN0V31YJ7SDURJQ0C1 XSMO00R  IH59FHPI4HVMY4QADL1Q93332VHBDPGIQ741YGQXHTC7SSIO GRO4LP4J3TVJAF99CP1ICYTGHEEETN81XPOJ6654RGJ6WXDPC0C0M9OM0MTC 75A154R4 70JPNON 1 RJH7EL1S43GWP7ISU0NYDI5O6GU89O889GEJFW84QEP3 S8VPLFYH9VXO29Q34XYREDB55K0UPCSK2931UYHQP2S4GD 6FWV9I4LLD84NQLNS5CDG66X1FELS24G8SY  IU8KNBFHM31P', 'RBKEK75G4PUWGYUCP1TO', '3GDKTTEX0P9L5KKMEF9HNCHKWYRVQKETM52SF28Q6QSKD1BHO ', ' I10A8CAV5RVRHG9XFLY');

insert into tbl_order (or_id, u_id, or_sumprice, or_date, or_status, or_address, or_telephone, or_username, or_postcode) values ('8AUQ2HRYYR97W8NV6IVP', 9, 0, '1299-10-4 15:12:30', 11, '97VPLGKX EX4VSHMFPN7M2TD1S7V6T5YMF0QKIDNXJPOE55AIQEGNPR4OLYGM8 XHJJK5I61X537O9AYCG4DV48HOJI2T5AK2XGGV0INNIJLAPJX89 S338U8CYO2TKIRX1SVYSOSTRVCFD5HGDMPTH6JLNE8V64URV4RQ3Y14S9FRYAG611LTI7VVAIQC6BQKS5O5CY7FX5RGAMJJYA63M6GLRGIQHPSEYOCB9V0MR00O534IETE0W5M4CU VPKH6QRYWBHBG4JE02AP W7RF8QPOGF62CU9RVK9USAYP5KPEEHRSC79G982FY3MYK4NXBEJLOESXA3888KSNTOHSFK3GUXCMFM4ACRNXUKSO88RBH4B5PQHDXD7PI4YKO8AHG9V1W9UBYAOTTDXTPKUNSXV1K3KPVJQYIO4M6KX9QQUBN893RJRFR4LAWCTADQ12L0TMW83N36OVA6XB46V EJV3PLX2COW53BUJ NBPWD4UQFLQC6', 'OYW4OSTW49KATS3384V8', '8JTRHTUC A0Q8RFGOFIUXPKVPALM9ACEDW MQSG6QQI2A90409', 'VB33KKW2X7BSGC1 MAPD');

insert into tbl_orderdetail (od_id, or_id, od_goodName, od_price, od_count, od_sumprice) values (6, '3TX56LY1VS  IBM5GVJM', 'UPIXMDJLQ5GWR1XT4QIY7DC ERTQODBVT9A8TSB74RKY1SG9F3K2UY0K07UPU6B0MC7KCRLKF6EBNP3QJ34DW20K7MQTNG48PYM5', 14, 18, 6);

insert into tbl_orderdetail (od_id, or_id, od_goodName, od_price, od_count, od_sumprice) values (8, 'FERSUBMKSJF52ARBO42F', 'WKXFOR7NW0A29RFAL713TV5AG7W943TG9Y5AFU2UBJYW 2QDBE838UNPT08NMSX8FAMJ0V04JKDLT34IN93AMHPWIX2NL32IKE08', 5, 3, 4);

insert into tbl_orderdetail (od_id, or_id, od_goodName, od_price, od_count, od_sumprice) values (18, 'JHG4S8QGVKQSJNDSSEPF', 'BAYYC 7BEVNXBVI5PPO0DLVA435MWMH9 JQ5P5L27K835WUYXKVGF5EHVX46XWJB862OPY0J79PO7HTSD1HVWAVT9QQ09O5UYOMX', 11, 11, 1);

insert into tbl_orderdetail (od_id, or_id, od_goodName, od_price, od_count, od_sumprice) values (16, 'PD7SH8CATWRVN7PGV0IK', 'NXD955TROCJHQ6KA38WQ9OOCLWL1QNXHYY0KCF7NUQLNF24WKPIDK1KLX2OYSPG96LMISBFV9EWPIU4AX 3RJ XHA8ID0FID2WCY', 19, 14, 7);

insert into tbl_orderdetail (od_id, or_id, od_goodName, od_price, od_count, od_sumprice) values (11, 'Y882MUC5I56N1M6EH51P', '64XDJNUSNNA70UJL4V51WYNUVIFCIEQJT348IB5X8MFTSP2G YKJ5C3QLNCUL7QOOK9X4R0T903FDCANGLDJL 771KCXG NMFWI5', 12, 15, 17);

insert into tbl_orderdetail (od_id, or_id, od_goodName, od_price, od_count, od_sumprice) values (17, '42H55U0QGIEUNT4FOFN6', 'IU00E2UQ28A9G5RWX2R4N FVJV9BAHYVY13S 04OB8I6M1QQ AX8MQGAALRJ8QLEU8OA06AFPVT27P8ITTB SL8 ECNVV3C9T JB', 8, 8, 14);

insert into tbl_orderdetail (od_id, or_id, od_goodName, od_price, od_count, od_sumprice) values (7, 'KCKKSTEHI 8SU0USMHI0', '2WKJY4HC5L3VJGWOJFH4QWYLG20BLAWKIJ4S1H68174TIH3B24S58J0UW59N2NBH9G06Y10R43 L7OQQ4LOQ33NJRWROA7V9X574', 16, 4, 13);

insert into tbl_orderdetail (od_id, or_id, od_goodName, od_price, od_count, od_sumprice) values (4, '2DTNGJE7O96O2 4ORVQC', ' DFP9S6R8E J5SKVJW1BAV03IJXVS0K7GLDM1W93FKH39NTT3VRNCPFU3SC4QKXCXC3VO1KQOIAM58M4CEURG0D5JMBKDCXQ2UBK', 6, 2, 11);

insert into tbl_orderdetail (od_id, or_id, od_goodName, od_price, od_count, od_sumprice) values (14, 'Y882MUC5I56N1M6EH51P', '0UE158S09I5M2GPPTG3KIAIJWU5TRQ6MK1 P26V1NLFF5H58BQQVWGY69P5D C6PJACMVCQ61KEXQID FMB6OG4CYIAEVD9CREK2', 4, 12, 3);

insert into tbl_orderdetail (od_id, or_id, od_goodName, od_price, od_count, od_sumprice) values (2, 'ECJB8WTR1U66HD5O7A7W', '3A2RSKYR 319AUUU 1TR7XW8S6QRP4JJI1XTXRVXC978S65H5JDVUM6H6LC J93TY7R85BRNDN8UCI02MUEXEBA OY8U1NXYIXFM', 15, 10, 16);

insert into tbl_orderdetail (od_id, or_id, od_goodName, od_price, od_count, od_sumprice) values (5, '3TX56LY1VS  IBM5GVJM', 'SH9EQE2R3M5S0C Y2P8W26YWO6OBDV8FUIT1B5VIUH453XMRMMXOAOHLLRWJV6VT OUL44DC1XEWT26XLTA1EG50IA1IJLESIAMF', 9, 9, 19);

insert into tbl_orderdetail (od_id, or_id, od_goodName, od_price, od_count, od_sumprice) values (12, 'LMJE GOLJV5FEQM05SCD', 'B0LBR F49R U450 P R6WRGH0DB4DQD89329RLH4OJPNYGQRMAGQU6DV5BJB8D7VF6LRHRRJGEGAKO3 NWU81K0HXPEQCL4KGKI9', 0, 16, 18);

insert into tbl_orderdetail (od_id, or_id, od_goodName, od_price, od_count, od_sumprice) values (0, 'KCKKSTEHI 8SU0USMHI0', ' JE96YRF3QHHKYWXXYDBFEKGNV1S54HVY0FHIBIM9JBC711XJHHP0R6DQNSCH7NMTASMD424I4V0NA01L8793QR5UG48IRG7LIAH', 3, 1, 12);

insert into tbl_orderdetail (od_id, or_id, od_goodName, od_price, od_count, od_sumprice) values (19, '3TX56LY1VS  IBM5GVJM', 'RJ40XHC52F3WGDCU9P98WUOSK7V5 TN1V9T27OSQSNUW53KMBO0WGB N1J6QCGLL0JQ RT90BOBACMI245R3QKIOHA32NLLRP5S3', 10, 19, 15);

insert into tbl_orderdetail (od_id, or_id, od_goodName, od_price, od_count, od_sumprice) values (15, 'ECJB8WTR1U66HD5O7A7W', 'N MICSW D6OVT6NMK4M2PGR0LK6EMECMJBP2NUGS81G1K993JQJ8JMQ7GMONI26JT18R7386KJ6WSKITT1IY2WW292DYDKFKHBTY', 2, 7, 8);

insert into tbl_orderdetail (od_id, or_id, od_goodName, od_price, od_count, od_sumprice) values (3, 'TCK2W1A49L6EVDO4X55W', '6HVHP0200NUY8SJ8GWNTMBG CRO97E0ASDDUKTA6YQ GBPOB4URFTQ SN2XWCK8QJO93RDULGG4Y6MRVJDBOTQ LRGKKT3TI XDW', 1, 6, 9);

insert into tbl_orderdetail (od_id, or_id, od_goodName, od_price, od_count, od_sumprice) values (10, '3TX56LY1VS  IBM5GVJM', '6NR2PB67UHUAVFLU2UFTESPABH1YO7EVQI5O9N63JT1I9RHWKOWDMK25YE3QU1ND23JS94EI6P0T5LUQYV LDBOJ4C53JC1WB0E1', 7, 5, 0);

insert into tbl_orderdetail (od_id, or_id, od_goodName, od_price, od_count, od_sumprice) values (1, 'JHG4S8QGVKQSJNDSSEPF', 'WB9F3MNRY1KYR36AGY6VXAJB904UFV6DLEKN52RA6PYW7XUJTVKA2AHWLFXIWA82T2KOXK0LIUPP60ARJ AQ C4PBLVUXXSNAHXW', 17, 17, 10);

insert into tbl_orderdetail (od_id, or_id, od_goodName, od_price, od_count, od_sumprice) values (13, 'IBUAJ0QN2ME2MTMVEOKU', 'ON04T3 972OKWT7XQJIUDYRPEH0VUDMFAW8M3R89ES5YBBJF1YMOTJTORQXVG164AY35GKF6OXP3C1XH8Q9WWUO28EI09ADQWFX0', 13, 13, 2);

insert into tbl_orderdetail (od_id, or_id, od_goodName, od_price, od_count, od_sumprice) values (9, 'ECJB8WTR1U66HD5O7A7W', 'AUWAH98KQ1G6E19G0 D2LBNWMEJO 1YS0FDLYMK3CXLD719LPKCLC92IY9A81G9C9P0YXTGR8T6P 0TTOOGCL3I1WAQD8FWUUJCW', 18, 0, 5);

insert into tbl_goodInfo (gd_id, gt_id, gd_zhName, gd_enName, gd_model, gd_littleImg, gd_adddate, gd_remark, gd_del) values ('LMAI6OAH1LOH06WUM XH', 11, 'TJJS4XS8XSKN05ICYNTC2J0 20Q5ACHSIBL8TSQS3YSAJNLWCTF 9CL88X4WOPQNOGK3KA6DBDOD5KHYKTI3M9GWE1IOJVN PVSOTFJ5E2GJ8 13W0EWMT8DO6OKX2X5T9L69AOPSQEBE8PFHCFI7P1F VDJ3NNX VEMX400VOQ5NQDD5E20GTKA19DHN5KG0NM21FIH', 'SDCI68BV8Y5CLJGB0JDAJFUWQQA50HHPU18J9P8HMIDLKAI4C7OFTIFWQ4S8K MECV3SXKKX4X4UU TM5IT170H7J1YEE8Q77BYI', 'TH G5HNJ361O4N54840E TWTB 6SJJ0VA23051BAA4W M3NDDIBMGL1S059P5P894X5GGS7 YWLO RTI415KW6OGWK23KV MF1G2', 'EW0JYIFSGH7C18 DR9NBV6G3Y9EFG49DTNB6MGP672 98IQFK0HTLM130GK8RP5S8LRMBKM3PENXUPFGW GN1VHPR8D7D7784EDVFX8TH0 EXSEWMO7872KUMEKDH4XCTHBSNR2WY1ONVYDMHBBVEK', '858-12-17', '42W0J2XC77J2HQIS460NL1UE52JKFSGDVOFDO6TW3MBUE4M7ETHQRIJ FQFLPPXMN CR 8YSQ2WFYF86Q52RXFG2PX7F7YBF PUUON4S9MEW356H0V KYJNST9CUYT3J1J3K7HMEBBQNWAPOQQ87S4K1DB9T217EN915372WCCRDLDE62GS1M 0IJSAPWXY9BMM33YKDBV90LGC3SUJQQFBN6BM3VC356GN649JOX1XTF7XDFQ87LC4PSMFUOMT', 5);

insert into tbl_goodInfo (gd_id, gt_id, gd_zhName, gd_enName, gd_model, gd_littleImg, gd_adddate, gd_remark, gd_del) values ('4BE1L5VM5K531EJST50X', 7, 'OVRD53JTLHOAR42HA4H8F8WAF6PC6QNU4 U8F1608IS8VTA1 YKGLQEFJR5C6TFDT9CW9HSMB2ULR7HC8WHRJMC9IAFP6KFM7PMFPJHRTDF2MRI8SO6O 1LJ7B42I1QMJX5S3DSXJD2525NWASLMWAGGA3RYXGXSR4CU2DVY2KCDV4UY4ANXLVUM8H0TC65YOAQEI2C7', 'PJG45BDB064XKF ILHN75MMJY3K5NYCDU 0YDWPOG15YW52QP4L8W821I2X57ICGFYE6Q26XBCPKTYBXYRXIEA4L29L0NVJ6C4TG', 'KEMWDWAQLVDQ9QL6PJ45E7Y3L1FMLJWFT5WB3NJHK8 2SSBR4CR096T9PWUS8PVMB EC0TJRUCFK LG44UY5GQ3L8RGIB B4XKK1', 'LUWGXLL9F6DUQ4XG6F8BKIAHPVVSJR9SEFLI9QIH97M6VKIK6T8BHS5U9B3JK2LFCRJFEHATKA8UVNVT7XP695MNF25S3RM6BECM8J9H0PMU2XU1Y03OT58O5JUDXVR2SAC7ND4TS5 TPQHAKQP81C', '323-8-3', 'NXYXV6P3PC6E8RSFFXHJ409RH0ST8650OQ5FS64 QLBTYA8Q6K5U8QGINSLI7NHFU0EHBWTL1M5 N6N1F7EM5613TSTJJ0DN6UNCRHMONO8OAVYPDIHFMBFRMEOD20S01IGPCSDVU4K2JG6 HA647S L021WE1RO0DTQY60R6LOQYNB1HKS08U3L6F5DW7AU 0CVBTESHRONTVGYGF6TRG7PLBVJS7HG7442XHKDWJ6956OOO7QOP6TQ1NMG EG', 6);

insert into tbl_goodInfo (gd_id, gt_id, gd_zhName, gd_enName, gd_model, gd_littleImg, gd_adddate, gd_remark, gd_del) values ('1YDHULPU3Y 1VQHPOVNQ', 17, 'O7V45NGGGXFUKB52A0HY0Q3CUYT4N6FCL5DOAUGU85WHNGC5FWTMHSXLLE5MXISJNVG7YXBW6Y5WY7WPI R I7GR1GBD23P8KMVU2D YS2B1WMT 2R137 V93OXT53YFS6DLVP1KEWHS4YNLIFDWX91 GBM9GSTEM2PDVOJV1HTWLLFKXRM9CC75J63WKP5W2EP U53A', 'IDDIILMK8BNTLYE4HG6DHIFH221F7THE5IFAQWRLETFGPVR5CI4WBAA7SAIHF2NGHD1HH20ARALB1BRIDDD5 O2OGW627IM0MYCT', '8B P3DI2GOQEG 4J8CPI9LM62YORB4SB643YT41E1OC5ODQ36K5QO2N0YDXTWMK1IELF92U8VF3D5A8M46GJ4GW7S5N YLEY9HSM', 'QVUOSQV5P5OSQ MGPBLQA23D6OS5K0W36BIQB1REGNHOGD24AOPWAJM3ILWQHPDQW8NFM2FAB1957F0O9QVLJXMYHIOD4RHFJ2DVMATBUUKQHXG8GEF3DGJ 82FDU89B B6K0TT0VSFHM8IWVV85W2', '640-2-22', 'H2LUN3JFQTXCAT935TBB3RAFGKKBM8WBQCGMCT334Y4U0HHW3ODF0BOKGHCD 3B9 1U79 VJL8HW0IV88H5 SNWSCEDRTT1HVH5T 6AV6XI8B44B7NJH5R6PI781VH37Y8U7GTC8QLU4CAKFGWM08FEYD3O7A 3PO6KO03SQ40BEYQ6TF9M3N9275HMVKYE9FG52FYXJ19WDC0LTF YUBJE31522NTY7GHJQV6TX4RPY6G5QPO4VMH7F429IXSF', 18);

insert into tbl_goodInfo (gd_id, gt_id, gd_zhName, gd_enName, gd_model, gd_littleImg, gd_adddate, gd_remark, gd_del) values ('JHWRTGABOCJYXK74NA81', 7, 'LGJ1J3TCA9J DOBHNS1VEEA3Y085W7SQO7USG5WS911Q7WQ0RC772P6JUD4JC BFQP0M6MD4DW 2CSC9QNDU1K856JANTWU3XLAYRJF2VAAILAN246BM01EB1CNY9F3TA812K3SMTAXGYGLRA3VA E6TF67TU9B3IKL68KPA0OU7SKQ0E5YJ92MT15YG16BT66BDOHYY', 'H2ERK9OQDJXES4E76APP6NQBN45Q9CXHDBX47  PYL RDS1VWOWP1FPM4FB08FGX8TI OEF6 5Y9WNX24BACCQJWXD5VU9VQAY6D', 'HCT7DY8FXM6T516H0QSSLDVBFCSRNUG9BPVU9CM4 X3AP8DLLHPRR86B4PB0730MBLYJJXKMXGKLGYN9U 5YV3OWLAJ5S39AX42M', 'S4921DTURFER8GADEQJQJQMF7MUFMV DW6CGUI0 4O875TREJR8R0BE8PBYHJRALAWICTA6PHX9Q4EH A9N0IFIY5Q3OFS9NKX3 DMTO0WIHUD8VODRVAPFOQLFR7964ASQUHS88V88TJ8PES2TT15', '1116-7-6', 'VY VLX842V41HI4SYE6VBCY0WDKJB4T2P0YE1JH58RBCXSX4WJM XNOXBO6F7EQU2MOK050WS4I6QVHE01FJU55UHTTLDB0CGONY1IN 07ABW2ALPS9NWUK59JKVLV2TA SB4T2Q95COY0JAJJ4OB410KGW97FY6595JSPP3 2SBYS8O X92YSC681HVYRK0J45P45SNJVYGHX5PNK8H33449PB182MJ23G0RMAOGGHGO9VW3WTPOLQWLUO7XYJ', 17);

insert into tbl_goodInfo (gd_id, gt_id, gd_zhName, gd_enName, gd_model, gd_littleImg, gd_adddate, gd_remark, gd_del) values ('ODA6UEV8 E4G97YH80A0', 6, '3U3 Q 4YEUDVDL8WE W1M6EAMENO4HWVGVPVNBA3 A5T7O52R24OLFD8X6001CDSAHQXQ8DCO75PT9YO7HOBB6OS 1V861RQI2B2FL10P0GUOATJLXQUEV6GG9R1LOYAWNK4IHEU5U0FF1FWJRF2O5A7SS72MIGAXWNU 18 VDWI2SYCF XNCR1B84RWV063X8SW5LQ ', '1PVWL4ASTKXH XYO99D1IPJQ8NR9MT0AK5O0N3G7YFF9GWYL9XTE5UJUTP9B336LW6S UB 9BDBU99HY2P3OWU5E8K33B5T4WGLS', 'F6 I8265CL6DI5K6UJ1C894MHPNB905CHO9U5BKALOL37KI4W8FC4IPON343BO9UJ7D0ODF8SV548FJDG0K16K I I3IS6I6QNSS', 'B2NIENGX 71Y9HNJIFCI27 Y9NR8BI365E5YQE4 JRFSWMY0IWO6VBHW4CPQ4R7NNRJDGAUXCC5J25XPVY5MR VS7ST8AJRSEP42UMORT3VEI6PM1K3374HU91AE7 L8PL7AF08V2XDF9TV26EVRVV', '591-8-9', 'NAL2UTW 36M8V55QGYC6O3DCA9N3 FFKUWY6O 8GH80FD49VAW5MI9VXOA9D5PWQCIGB9G8126AJUAP6VLJVHNV74RPNL86T0V7CE  TQMWA9V1DEQLUYANOCQ0CF0HFBP992TXQ248QRN6XP3CSKPVMQDY2WLGWGQMIGRVF7DO6P F1AGO6 YL5BUCSC13D7S3OU45F20E6INJTBMGT5M93RBURDYWT3PIQPSDW4SIOU1N1JFDR2TR3E01HOHO', 14);

insert into tbl_goodInfo (gd_id, gt_id, gd_zhName, gd_enName, gd_model, gd_littleImg, gd_adddate, gd_remark, gd_del) values ('3EQEEOTRQKSRNPNUL3MN', 17, 'H074U27WHBG8ULXLRJ1Y8POF L8SLONRDT159JE O39AVQX68UNMUCYFXO616WBPPHJG50DFR9N8HGNL5MA57TMKGS Y13JJHCWPLGFH8HWEX26UW1MP17RVXWYVN7PHFGCJ 0HSH3C1S54AMXDECO0MLOFXOEP13G2H YWDI0D8XFOO7SB5FMJMGCT85WW9ROC HPMQ', 'LQDJ8O26YPPHQSW1NGFHHLF9Q02IQO4R5U8MBRNLTLSUJKG Y3F4TA2SIC7FURTMIX4YH6KSXWYL2GII9RA6RB73LIGBYTQKHSOX', 'M4G6O1JFQO7FAVPX4KM8ECNT88Y9E6IGL1D5D41JLU4PE0LYDDFV569LV8Q 9X3MWBY38CG8H3 I5PJF8H5APQ0 U6038DKBQQ W', '8MUREQJE41ND7445P0 ABMLINSBQUQSIJ398DO769N3NHO0URCBCKV3QPY7GH07GCNKIJLFYHYQPIUJ4NHJXXYL6A5E87GOB52N67QPGR80GQHD62GVG7LAN4B7BHW2TYL6KR8ULN43HNCIBCLD3CF', '1341-5-22', 'W7BIVN5NYJF2SI1CAFR2EX9DK97ER39P4DIQLG5GC6P1YD3J 4H2B42RP 6CONIMQ 8LN36ONID7VL6N8ELUH401HV84LJ IT6EJ4LAKANCCLERD1N0Q1MCPPXQ 42VT6P0WC8YVEFF4C8VY20R0HFTNUQ206Q0HG 2TWE8PVAJ3QL2XU5UTKJQ5ALM806QP02MGPNPJHBLQK8FANJC8C1  3FVK36V91PRTYPHBOAKE 2MGK6B84AW86T9U5QS', 19);

insert into tbl_goodInfo (gd_id, gt_id, gd_zhName, gd_enName, gd_model, gd_littleImg, gd_adddate, gd_remark, gd_del) values ('ORGI92FBFVDRRMWKX5UL', 4, 'AVE1HPH8ES8XUI0 8WJRA5CII3IEQV4PFYVFT0TJNRXHH3PBIX0EPQFK8DVY87EKC678OIDL748JH4CLLOR 7F8MLSTURNX0B4X70JHS503O9N85M2A7W39B AQ2D7T3B0J13KXX97CFHR7THN4P6TNNNI1NF5MB5SN9G72756 86SLQUNT RSY0LO6FITHJCYTDXARB', 'UPUV4CI776DXQ66I4HQ1SH2N32G4M0LRX73F36Q03HW1CO7U0RWVLWEPIV29BRIMEQED9FXB5CF0TBNRSAN7B2RPTS6DNW7NBID1', 'WX4UWBF23FF4P1MCWXHEYRYBK L 0S9CBFV0315H4TK6NUNSRSTRVBU5RJAGFMP3OD4S1EXTEOW3LB46OINA0VW4NVA0G05QHMSO', 'J5IVSKV2GVCSLLM6UF7P12T570ARWL6W3UAL LVKAKDO2V5I47 IM2QE0W860FQIX TNIM2W61MOLPV49A5EE01LPR1F4OXI92XMTJ2I4QAM0 8S57AOP6C4EK5JE2R7PO3K4UJQD40QT9R70NN2PD', '451-7-23', '7H8LV3F8DQMGEE2Q8FTXPHPFF72AS9XG03Q7EUU3ERE8WHGGSUSBFCV0IL0J1Q19NDVU6A5SKJD 07L1S94N4UKKTM9J67H8FN0NVOOJEQVTPTX66UH6DGQM49 WMJVT1 5V LW4UP0SXV67GL94NVE8IB48QXV4M8YS0XHTAOF3G54VF7DRG3SXMD58SSFOQ2QOBU9HGKJW0QRICAIF1GCUCR9K WLLAWIV6Q5GJ6BE9162T3 FMHKK4MBYC9K', 16);

insert into tbl_goodInfo (gd_id, gt_id, gd_zhName, gd_enName, gd_model, gd_littleImg, gd_adddate, gd_remark, gd_del) values ('OV9R04TTUMCFJNTKTNWP', 12, '8 YEL6AK6 1GKECAKQO8LS14ARORLRG7ODA5AKO9O6EIV5HM491PSPHR22VPUO1DER0O2OR9FEJC5RKQMHSFMFIJMD4EBC0M575Y2G E6I7490CM69KYT D NU2 05D7FFV0N DUI03W9Y3QP6XOEHU1LDJE3OMRJS9NHIG9T30MIPLYVGKVOA80QE9L4OVDKCHNKEAO', 'SPH93XUEPQQS3CC33YJUUIY7LWESYV78PAS XGL6AAOFWCX1S653QW3YTWWXWDL1S58FWDLQPXUYEXVU1  EVYS8SRIU0NQ3JU9J', 'L9I CXTWYNY49F7PK2EM9 TBEDJRI1CKB2PUONBWXJ21F262I7OY 2LE9USLSRRQLYC4E4VVDHGAD3TWL93BGGVSX6YIP0JWKRAI', 'BAIFH R BO2M9VGR3SFX NDT1YBHWO95M9OKHK KM0FSUCM4HW4Y ETILKSOA14OY5TF7KJGT678X86GF1I79H0W3EGFM1PS4 8K5LQ2  1904JXO7YVLON56TN0519 UNCQERNEA7X753SB1957BB', '1471-12-26', 'JMWUPRBAN4 GUPPPUXRP5E249OWS7W5OMJ42L5LYH5C9HRNQU45C0DAXN79V1I5HK694YCTLW1AQNT4WH9W5FGM WB7CA 5ML2XK89KRDKQIN3LYSMH1VKPFS0 OT18YH8GPWOO8YXAVVRVR9V4LUFJKMNN I9VHI1WGIB9W6QFSPV F 3T2UPDX630396RAH97CJTPT31DUKEB6ISBDHYS4TIOD18VQS30MMNO6C62CW7GC U81COJYEJ2YRPG', 4);

insert into tbl_goodInfo (gd_id, gt_id, gd_zhName, gd_enName, gd_model, gd_littleImg, gd_adddate, gd_remark, gd_del) values ('DHABKGV4QH1QDUY5MFOU', 17, '8JO6OL6J4V4S9UDN331EU PIBQRP38HJNV CO2Q4Q0CK1TM4H8RICP80HCADKO7OU5RSPQLTQ1X64XWYHB9L  46G5B5TM3D88X3AEQ2WQOM 5M3IFG6D7JPFT5EW3B93ICR6 KSVMDQCKQYPCAPGU9NDN3G78NFJ306FK4AYUU86GS80HPJFLGJ3MIIBECCBRVNEEW8', 'KADVRAJN3T4SBCJOYUT SX2AFJFCBOE3SXXT5P5ORW9LTTBM0WHOVIHVK2Y58J4TN7T4B313HABBKMTX8LJ2UAN24B4B6 0AK53U', 'SPI12I24KCX3DV SLMGA S QT6Q57WGJE1TYIDYPSRT 6ATFM7O9TPXD2UX05IQP4STL H631JB84G 5 1CDMPWGLO9E B3D0U6C', '0WEWEA43KSWLEH7L8KB0MMY5REMCKQJTCEIK5RTL5 6ASD64S32IKEB7ATTSIN9QVOCY7RHGYKXT9B62FFM2 RJFQAM4CVBSH5TFS D5RJGDFMHYXAY 8 7I9KW3AUR4YYY8B89L4G429SWLW43FYG', '691-1-5', '8A4T6BA6D21B583BI1JWA09RCD8ALIV3FDDTIA2EXXUPW2R3CVMGY5 TFM BO9UK1191U87WJ57ISYR9P67RMH0EGOOW94P11QKB1SVH0G7XPHMJK7RKEOIFTHII35DUIHJ6KR37C39S69R03Q9A5IF54L6HIIPPNTT1MUVHPV7TGXGXM208EQP122PVJDIJVSF00V2WE5DGE6YWM1RE875XKJKJWVFLP1S17NEGWRDYGPDUP0NMHPIUM2N3XA1', 2);

insert into tbl_goodInfo (gd_id, gt_id, gd_zhName, gd_enName, gd_model, gd_littleImg, gd_adddate, gd_remark, gd_del) values ('P35F9FG8DOIHQ0YEQJ34', 6, 'C5 SR7R65YQXPA 93CSO726V4X FNVXQ 1O OE7BLID04W43O4BY2VHB9NCK5JTBJLU9SQ8OOIOWNJPT0UJ9DN3C M2405NVJLF053HMG0RKOI5IY5XGVAE37A80RJ2R9GFI8I1YRRQVQ9BP5908NYB1OM042RAPQ8WYP6MW82RLREND23AA XB3XCJ40YYTUOUEJFG2', 'F2NVL7VFBPM67JDEAPIA3MA1T9L380EDIWFVP 1UNKCTQKUANV1XRGCWM8ILK5UJCIWVP6IUXGK8WMEQ1I86MDOWUFE6U24LHHJK', 'JWUAOWS02Y RG1VOC5YXWMBMWSJSI9211A169C6TO2B03B6RP19LONBF0Y37B73V32YIPFWMFOJJ86PG84080YYY5KTOD0JH48Q1', 'BLQ5J8 24CRSSKMIF3DNEXXGPBS 2K0QH5X5H 7AIF71DHOXSDK2OUXFRSQLYFLJS4BAOQ3EJSBSSXTRNJN9GP1MH5PDVW5PWS613S3FC6 R6TOHY49H9697QVEAYUGBYYKFTBUKMVT9OY3P52TOKY', '1824-2-29', 'DWOSSB1MAS3ADV9QVNX8IM5F6HD8 LVUOADNS6YAXV2MHEM FE5HERFEJGL ELV7LWC1B79V5358VLKY82PQHNGWT3H A6NFHV91DIYT0ICGXJXFAW1ROP9991AQHDJQ LG3UT0DTD5XS2L1VB6RQ2RRB4R6GRW8 IN4ALFS82LTELFCKUPB4F1KPA9KKO5WQ98D5U9637ALH9EU67PD684QJQLNW RPOO0KKCLKNGB7HTGVUCSDWG593P6KDB6', 12);

insert into tbl_goodInfo (gd_id, gt_id, gd_zhName, gd_enName, gd_model, gd_littleImg, gd_adddate, gd_remark, gd_del) values ('WV37YATJ222KIOOY71LY', 10, '9 1HVO6SY7D4JKCK8T0PVHCO67EWYT8H17Q3K1BQSTT65IX7O1OE8U875TMCIXAKK15XII6DDSAV1G345OTOYOVRX7OJ0ME5KHIGRC98ANFFMBFU91PX8T43HSR6KVXGL66XKXPAVLY1N50CG3OEF7CFKJ2XISO5YGHMJT4YAHJR55HXXH2AAXFAQ4UBJN49Q8ROHONX', 'UHF5A8YQ4RW7F156K7AHH3W3LGG581XKJQIWLE7I0AWJJIV NTLGB0QGL5J9R1NDJX0KK50NKMC WNFJ9CN0 QNBX6NDY3BCW9O3', '5YXPJC6WG0F49QDG5VFRW1Q7X73TBGNB3TRV0AVIOFUGTVKUQWKRPD1PJF2DN3WV64G8MD8S140MS6VUKOMBQAT0 I9YV4S3H1JC', ' E1UE2D0HJPPB7TEC4LF8DH 967PMC KROAFY3B1LNCM2S82TN WEQTKMSLSMR4GHK1C6B1GB8OL8658SS2PBOW6WNCGMRK0DUCOXFRSKVY1X3QN4CNOQ8172 2A8V0GUDR0TRTCGE1O7W63VB2160', '1-1-1', 'GMPDRIGIVAOCYROKP 7436V60 NVSMXWWKF8HQ75XTXILAXQL91CRMUFR265A3OHOV42OPBPH7EK8YB2KO6O OD08J2 D17IA49TLS3C7SDPFD6MNG4WRH470T8UUHNJ99C000LCM5EQ4YMHR4I9J1G8MNPST5X8WD6O1AGW743XOUBUOI6L44CDG0RDUPJ8H ME77 DBWA3V1LV6P36S7GYU8SOWFP97SQ9G8628WYNUAJQT3EX5N2A1VACDH9', 3);

insert into tbl_goodInfo (gd_id, gt_id, gd_zhName, gd_enName, gd_model, gd_littleImg, gd_adddate, gd_remark, gd_del) values ('SYXW079LRNG153U V49U', 6, 'FS KDO1DPIAOTBRN8VCRKW5AU5F2KE0H O2EX9CVH2QJ9SDX6SVLT581WGYT6YE4HYL0OKNXVTVS5XOWGHS3S5DUD4SP1JKX53F5REPJ6 68EGQSP9FF9S3BHPEK4FT807FDLSS4JG6L1B25C37MB4FL8FC0N6YVX3I8VUQETVEGJIR2MKJO9F 5E86L6CB2H5M4KWVL', 'OB46 BS6RU0Q4  SSEDN NMCHCJVW0UT6EC S3A592RA55NUXUQCEWQFTO136NCI3IHXQUFF72WXKD9L9IJ44DVA8LI6LTK98HDO', ' 5XY10H4U0LUT1G7Y59SEF0TJ6LD9 48GSM7E5EXDB13YXEK4 LP4A6LXLPU3IU7453L3RDCLRLSMGD0PF29TE5B5AGPTBU2XP15', 'I1H5T8RB5 N7C8B9IEFSBPQMN6ES7FYBPUNP8NDWPORKTRLK7665MO3WEFE2GX64YSFDGD 5EIJT9BN AQQREKJ2P9RLR P2OW Y8I962DIGF19F72C1MT84U2QYJG7DB4QIPPQUI3K6JI ID2KKQ5', '1257-6-29', '04TQX5KNB5T5F63RQ6AC8AJ6R4RYJ1TO87DXK16PJ4N8WVRL3O9E1NRCR61PY124QE0WT9VA56OK AF14O84R2 WR44HR0RFBFLA E5YK6FR69WR6EOBGULQ6UPHSX41U2AXRFD1BYRLIXV L0EULNVFK1R197827VHTHQMDW8TXIXRPSKFS9KT9EGKM MWBAEX2X2UKTLXT9ASJ625E13629LMUCGQ810J1HOOUPKUIEEYQ7D6023JGQYSI793', 0);

insert into tbl_goodInfo (gd_id, gt_id, gd_zhName, gd_enName, gd_model, gd_littleImg, gd_adddate, gd_remark, gd_del) values ('P4XIWQ5OM6K63KBMHJ3C', 17, 'PDFCIBGVIXVGQ1WUJMHVJSRF3IRE D4BMWVQ 18HS5QPNHR01UW5UER VWW9NWVKV DX59T10RM66GTC R3QFB66SQ3WD93QFSK5JME9I02FTTR AVOU0SJTM2EBAB8M367LY0P4FSOYALTFNDGKI8T7SMWIR8BIHO AIC14NN26NVRLK34X48JYOSRAH6W XFO7JU42', 'XMDV85L6WDYXKLMQBPG0PAP69BCM8RUXPMQPSC4K 0E19TXPINC32KD O16LFHV7P7PO19TFUASNONCKG51EWXBGI4 J ECXTU2U', 'G5J6HKL0VWRI3TWXF6WG4XA K8T KMAP1VMJURIRXQJGB4F157UWFQLLSA KJPN3QMV16VRWEH7MA10TIA VKNUF4M3S3FY0N60M', ' P71UXTM5 BAB6OXMLKCTSBP4H9K74TSG34ETD45PI67RAEL0J3QPB30SAF8FLCD48 5QEI4X5GHABPINH2SXUO7XGDQM1GV4R7AX8J0KUOQHWYV8UDXHQEH58PJFNQPJXAP27DR63GF4T C3Q0HLD', '1007-5-26', 'VF4M413L35LGC0307E9E5XW8MHX5K 360HWPY DTTR02VUMJJ9E0KV7FF3S25KDX17HNBAXE8826Q1LVYCEH1L4 DAQ8GH 20P I4EJ27AVKSC14C7SKMB6NOSVKYQ43N2AQFDGH8MJC22G7AIX9FTAU4C8C7SGBDEAYIOA G  WOYOSYU5XSFSU9PP0XS2T4VQ5QG2OP84TXDYC6YO57YFO6O3D0ADGNPAJOA9JG4N3A5 4JHMRASC5Q55IIEA', 9);

insert into tbl_goodInfo (gd_id, gt_id, gd_zhName, gd_enName, gd_model, gd_littleImg, gd_adddate, gd_remark, gd_del) values ('FPER5O1WVG9FPF54SS9P', 15, 'VSVE61WT9IGSEHS5AJ5GEL03K827PSDAK1SVHI3URSB14W57JM7OR BABM 2XMKEXYIOFYPUWQHDCIR20C6I23VEXOBGF06H1ORU74MBARUEFJ9Y4PCG3RFOU6W OO20O1CC7 9992BP0AUK4D WX04SDMO3HLPWGJ106LM00CUP B8 YOE5Y0OTJ2M9VU3FQAOL395D', '09X4UFURU6TO8AJ8LHDCSSA6VX8G98 PE9TUNOUWK6BD6BAA91FBRH3PS6J2I7A5SXXN5LJXH2VVVNFOW1CX1Q Q8WBWBPBIIILM', 'V6UA2XS8MSYGAAV3RAK7LLF39W328KCO MAL2 SURDP0J9KMYUANFOT9VX S5XP0FQLGTOBJXENGLHLY09J96GKHJXKLFIERWRDE', '6FYH04UTBQ2NO50WMM56EXB18WEU PUGE2KRYS41W5BHXCYYIBLW5JGNM13NBO1O1S 96TQ1NLMPKUD9PYETGF7XNJY73IB JF2TDBIMC526661SG3A2YQH99OF6E41GX7BYBDKT88LFEQXQKLQJFG', '1389-12-16', 'TA2LM0AQ8UKBVDPT4571YST2VCYISLT3D1A17M5O9NFPP YX7UWU5OHL850PSMOFAIK3EI1SXBL9C0C7X4CW31Q9DW96H5RFL2B0IUP58 2EULVYN4DYQ52U82N91RAJ NS17 F70BTGIX1VJNVMEDIJKO79YC2Q1WG8EEYUXTUM0GW2I4PJMBNWTIWBXVD922NMBQMCBI707O11BOT39OIWCXVH2G2U64V5FSAFD5YN9DLQF26QGCR 505RNEI', 13);

insert into tbl_goodInfo (gd_id, gt_id, gd_zhName, gd_enName, gd_model, gd_littleImg, gd_adddate, gd_remark, gd_del) values ('H5N5OMGP74F3STXM8QJO', 6, 'VARWFD8M4KOEQLECQNPLYW757J7DFT8VF91ACF M6C8EW4OIPUUXD015N2SJKVGLQU 15SV YKHYEG60NMTPP JKSOA4NHTHDGQXP3BNV7YRJUEO1QSM  DIH4T7OYK8R2GP72BY7R8BXQAW6H0CICTIDSFSVTET4EEX3NCMXHW4HPCD6WOEULMKUQ8TRQNNERS52WFT', 'LTA5 VJ98TGW5M2NF908IGK1QXUIMYAME3X78DDLFKJVKJJU3 SLOWGH13B82VHJEFU87WIRYPAXD7RTDWILK 12VOL9HHP1MWYQ', ' 7YO43AM3A5 G2WJOSLFN0SSBUDKTK7UI W34E2CX7T0MG1W LA3CWPMCI0FGPQ4NIR2GXJ9AZUQNBLMIYLXL0B8D89QTDNHWHS6', 'J913VYDEWDRQ5TPX7Q3PVPUTEDBUXONIWM1UAM62T132P8EV5PATDU8P16KJ OGPB9UFLS U23IMVN7Y96O9BC8GPTNVOANSV6KOEU2A466AE9YUSSM2RDL4J1HCL 3CXLWW4RMVT7R9RSJ67B2SIS', '174-9-19', 'N9NKNGIB5228HOD5G3PSPKCIX3HV095N50V8TI0N14C4B7PWXFOM6BVHXTO61UAWATPFCVLQ02NVWTKKA8PRAN9UMQNAKIM8GYQQP7MJC7DLWU9C34790U1E011F4Q14CE5PFBQKTLGLVVC2AJ7A9EUDJO6SA8LN4 T UGMVJ3M39RE 7MDYU5HK0E3OF JDC9A981600E5EFO9XNC4FH6YCOSFEWC9C KR6QTI38V0TO0XASHGYSVCK74GBWSB', 11);

insert into tbl_goodInfo (gd_id, gt_id, gd_zhName, gd_enName, gd_model, gd_littleImg, gd_adddate, gd_remark, gd_del) values ('WJA30EQRDGAHIX736IKN', 7, 'U9KHDGN8VM2AWC202ND16I2LD5WQ4153JKXP0XQ0X0FCRF1K0V18751VJ720LHLGDNNY65PNQ05VWTTHFFG 7PD488M81RE8GAHAVC7HJ8K01LD9U UUUIJFK6XJAKP7Q16PEUFAB01V422WLWG820E8FPDXHQ8KV1I3B608T91HGMVTP4MI3SHDF1FD1A5WD3A9H08U', 'MJ1NICWSOOSQ07TIU0IL3A4GBPGTCTQM0Y6Y4L1MAPLPY8YVV21SWPW8S3BF8J37OH3D4T XUOCQFIMRVSU8OTEAYVV95QL6O51F', 'IU80NDV9H68VX6YR5EOPG0LBPEN24QPHC2R3SG75R6PR5NFUHSXX1V0FOAGYD9SFX5PVODKA 7PAFXHUVK6SR33N58T307SWWAQP', '3N1RJY5WR 3V0QY8Y 75F98QWEAOG841JVU5P1HTI3BIMCVIEYN7XBU5 W4YSR BRK0EIEI4C1R6 5OMAYSOIXFSR1 EK19CMCTX05 X93WPW3U504K3YYM490JEV6VM0TSBPYFYAEI2NHRE F53MO', '794-12-27', '7E21IFRRQIRVQ5IGX5I0QBV NLI5SK9C5EON0C7B5L10J 559QS51I4AHCT57YU9T43QFBQP OHCM47G9YET7OTUKBPO00Y1H7R4L67KHAMIGH8YFK6PJ3HFVSMPOKAVUL08DMQRFFTQJV1DRSS1FXWXYESSPET27RT8MAQ92H5XB SNT9OU874ET977L6T3EF0WAMY897JPEGVSNX2OEXI33UNSYFTLQV8O94BYCTN8CTX1W8WTDYNEW2Q5BOM', 8);

insert into tbl_goodInfo (gd_id, gt_id, gd_zhName, gd_enName, gd_model, gd_littleImg, gd_adddate, gd_remark, gd_del) values (' O7457K9K2609RDYC3OO', 6, 'MLYOLWAS3AOXELP414JPNF98INDX26U419BADNC EQYNRCO7GJ7PAETXAVNNGP3F66M1WPK21CVPA3ENQI 18RNSJI0 COVKYWEIK70 9SV392G L D9 422W FBRFGQ0O9A1AC71BDODN02OG0VD80DQGU0YESIUDSQBDNJ5TW8GCO796I7J3TQ7LABG79XNIL8M N7', '3IHPQN3P0P5KSI6G8PNRKWSRA19QWM9KVBU95B0FILA5E9BTHL897QP43FOC 826N2VD11AN 5FQ8MJOSU9Q7IBJ9XX CWRJTOY8', 'NEA1DP2F9S8SGQL2L0V070JBOU35QCISB2840UKXG2861 DFQ8 0T5GGBPJTNUR9JYQOPF2J1UNUAOPGRFJGNQF54DI QW74HUO9', 'S5IWNK8OJ8UFSAPQ2MG2MD30I9MU1FBT4NLQIJSGR 3JYPNW0 W1JXLTYEF6 3GFL MHL96VS8RFNLOA4QQ7W73FS0W527Y1W6PYNOKMQ3VCM6F2 82CKS0SF KFL09KLX1WN1NUDBGBSR6U0I56PF', '1746-2-10', 'D3PVMK25V7WXERIYRO017O2HSU7QHCACCWY2I6PYM8GMS9T6HOIYDTY605 TNPKEN41RQ56LYFXRJJ04V4C1LB77VIHW51ODJ5SPCJJ5S724JB9LSQJEQSCBE6AN73QAF2HE2GQ08M5BA9LO7QKYCURJRX9JMLRBVCR4A0MVI7TOX7YQA ACM5R781RUWBN0M2O 1D N 01DAV9FCSY2GBKVADJK6394JUPT0QGL8OBBV59OU08DB4BFLBQK9S9', 10);

insert into tbl_goodInfo (gd_id, gt_id, gd_zhName, gd_enName, gd_model, gd_littleImg, gd_adddate, gd_remark, gd_del) values ('4L YA4M4IOGBFMHN6ACT', 4, '5WYHRWM5I ILTSHK9USB3MTCHBE0HRIUER3YP3LYBFQ8VLFQN9E4 KYM5MV7OL0I CW83 T6DNU7OWPGVK8MJ4NY6XRWCGDNU50NWP2R5IMJGASE74FQDIH0 ET0SHE4ME1JGKO XIU4PHSMQY56H5HSOVUGP0G6TXN5D1FLPRAS6DAMCRKN3KAQ6SN  HDHNALLIRQS', '5T4 TJEYMY8AO2BJR5C3VPN 7BQU3C D1CQYO1LWM7RQ0WLHQ2JS5604JQC5G9CTYWE0H1  5 I2Y7QPUHPHQUPK340F7W1X2JFH', '0KA35MLA6R72C5WHMGQD FP7IGOEUF5AEGJGJXEOJDXJ727O629NJIDF4U7SV4NFHHQNCGK59XSKALAWCLLQN YMLCLCKJO3U3WV', 'A85X0J6YBBYLTYYNP3C8LDFVMOE95AQ2HHY2TXOLN036AO30HC2XEE252 5SB7ERKPL7M BOBTTCOK R8WQ418HFAK 3YBQQ5HOX3 I2W7UEBXRQUJ94OLTONOGUCX DBRKFW10VG5JCI2UVOGG J2', '1619-7-18', 'QPSP9ICO9 AH6RVMOE178D911XQVEL7B79KYQJF2D1KSISXYXRSCJHJN462XHBA 4LD5FS912HNVKC8Q8WQJT4Q0FIA9X7 OH8WDCJ7WOFBTCLQDLVU3GFOVX4WNPO8RETE37SKVT9S4Q8F5EXNPM78WXGV9JS2HE5OAK4Q0GFVNBPBB7I6G8VCMY1UOXCG17916ST5ESKWNI3FYY41V0JVJVNTW5OIGW8CJXV8W9IPVH3V3UHBWF0S0T4HAAVB', 1);

insert into tbl_goodInfo (gd_id, gt_id, gd_zhName, gd_enName, gd_model, gd_littleImg, gd_adddate, gd_remark, gd_del) values ('24WFJP3O7901S7OF41A9', 13, 'C3U900F7LWWQQH0Q8B39VIK45MLV0IH2DYD6IKTP BFW6QC B83WUVXK5RFYC84E8GR3BFPROQFJHDF6OYJDOJXQ76VO60K51DYFD2RINE8Y2J1DDME3EJJVP1RSK3C3R5WJT79ENB5DILG18 MDD6APT40XRXHF4ULP6M D94LUS0E3VE9D8T9BFVGPC1JOL8426A9Q', 'H702UJX8U00TK5N GC UG18NWUJH6T6M58NG5UG4GG6U6L70GKKYYSFKCUUQY3 MA1GTBGNFQWG5PVA55FS9O84VOSI8VB8HXPG7', '4K3U8VPS39RQOQST0UR488705BJJVC39SVL98CLLISN6FYXYQ7NM5EIQ492ISYDUJ15BP2EEO1MMN9252C097I D8AO2IBTJTYGC', 'F00 VBVBR7PWCHSAT9N 4SM6XAK7SCU8YQSIBHVLV FO0OIO9LNIL02B1A RLJUIC9VQPYRSHI7A63T3VE4UP 7HFAVJ LW9U7RHN0YV S9CELLDIDCJ1AILNUPAR3AOWBE2MLXN21CTWLN7DA1LW7', '74-12-6', 'QREYHWTGDO7OD63QOAHNTSO4C5HXP5MYRE7RICWBJ2QQNB46J158D5MUPLYWBEAMBP87KR2D1REBNGWBE4NRQCL164UJQGXI4T8A0BU6FDMEOWREYUCGEYXSS PN H7SQ85IL2HB5SYJGOPNPSP3BGQ7FO5HHGGQOM1VFRTGL65P3PFB5UD W OFW10T34MNE15X31D8  4I5L6PN46YUI4MY6A101FS6QTTJ6ECJYW1KS04G22DCR307F1 XH4', 15);

insert into tbl_goodInfo (gd_id, gt_id, gd_zhName, gd_enName, gd_model, gd_littleImg, gd_adddate, gd_remark, gd_del) values ('VRG Y1ASPMVTG1LFJ4I6', 8, 'R2 G2F8RP0CAT0 9AF2J45KWHOHOVDW6A2Q2TOTSVHY2DHKFWIRU857FV8SKK5ATPRBJUNI8C86PB3O5IKKV43M3KM5KV2C8PD9L6I9LVB5 EWH56NGTF4H387QIOPIAQT3W5IHUYD2ON1PKRIJR4M0290Q24VRD NDYC258XS4FCVJXVKVRH2X0UQCUOGL8H3P9ORTI', 'ALYVWTPJYURX95FKK0W8AQM031D8FG95W70 KSA9KVMRR U189A6VWSIMLUPEO IOSC9HO0WX3S0WDYA5XX2DN5I9U6PSV9M0LM2', ' I3HY2RU8DB9NQPJ3Q5MJJ9PRGM7DNM11PR012T3RNW2DY7E90I6CB9D43XJ8AELSEE4WD YO5XADTH7XXMIA ODTJY8O8 JT04R', 'HFJRJ9NCE BHD5T87WQIP3PAU6T6HEELMQ8WV01BM75SQTA7AB8R70OD4TK5JQF3H33BTK6LDBRH0JRFQG3D6RECFKMJJROUM1U9YD0G57SVD8UF5R45H089QQ8SD4MTN0E1G8DTEN2KG6UE5NG1JQ', '1065-8-21', 'J8BN56DOJA3OXOHIYRE63 B8U5GM2VLO8RKB3RJPI8PTD8OYLO3SLQFWD97E899PBQPNAHBO3ACU1E4BF5FAR 72WVX1W13H742O0W9D37XG5RE7W4YB5JJCS8293FJYCSEK 1LADQIGH9SUJCILQK13CIF B3UO9HONHBCISGLUBBG5TL812P761R39N50XHV4DDICU9WURHO9PAGHO8Y6A8YDBO1TJKIAEXU8PRI9HBJVQJG QUP NFYWIIPT', 7);

insert into tbl_goodPrice (gp_id, gd_id, gp_rmb, gp_euro, gp_dollar, gp_pound) values (12, 'LMAI6OAH1LOH06WUM XH', 19, 17, 9, 5);

insert into tbl_goodPrice (gp_id, gd_id, gp_rmb, gp_euro, gp_dollar, gp_pound) values (4, 'LMAI6OAH1LOH06WUM XH', 11, 15, 6, 8);

insert into tbl_goodPrice (gp_id, gd_id, gp_rmb, gp_euro, gp_dollar, gp_pound) values (7, '4BE1L5VM5K531EJST50X', 18, 4, 7, 1);

insert into tbl_goodPrice (gp_id, gd_id, gp_rmb, gp_euro, gp_dollar, gp_pound) values (17, '4BE1L5VM5K531EJST50X', 4, 1, 8, 18);

insert into tbl_goodPrice (gp_id, gd_id, gp_rmb, gp_euro, gp_dollar, gp_pound) values (19, '1YDHULPU3Y 1VQHPOVNQ', 2, 2, 10, 9);

insert into tbl_goodPrice (gp_id, gd_id, gp_rmb, gp_euro, gp_dollar, gp_pound) values (8, '1YDHULPU3Y 1VQHPOVNQ', 5, 9, 19, 19);

insert into tbl_goodPrice (gp_id, gd_id, gp_rmb, gp_euro, gp_dollar, gp_pound) values (5, 'JHWRTGABOCJYXK74NA81', 6, 3, 11, 2);

insert into tbl_goodPrice (gp_id, gd_id, gp_rmb, gp_euro, gp_dollar, gp_pound) values (0, 'JHWRTGABOCJYXK74NA81', 8, 14, 16, 3);

insert into tbl_goodPrice (gp_id, gd_id, gp_rmb, gp_euro, gp_dollar, gp_pound) values (10, 'ODA6UEV8 E4G97YH80A0', 10, 0, 18, 15);

insert into tbl_goodPrice (gp_id, gd_id, gp_rmb, gp_euro, gp_dollar, gp_pound) values (1, 'ODA6UEV8 E4G97YH80A0', 1, 13, 5, 6);

insert into tbl_goodPrice (gp_id, gd_id, gp_rmb, gp_euro, gp_dollar, gp_pound) values (15, '3EQEEOTRQKSRNPNUL3MN', 9, 7, 13, 7);

insert into tbl_goodPrice (gp_id, gd_id, gp_rmb, gp_euro, gp_dollar, gp_pound) values (14, '3EQEEOTRQKSRNPNUL3MN', 7, 16, 12, 10);

insert into tbl_goodPrice (gp_id, gd_id, gp_rmb, gp_euro, gp_dollar, gp_pound) values (11, 'ORGI92FBFVDRRMWKX5UL', 3, 8, 2, 12);

insert into tbl_goodPrice (gp_id, gd_id, gp_rmb, gp_euro, gp_dollar, gp_pound) values (3, 'ORGI92FBFVDRRMWKX5UL', 14, 19, 17, 4);

insert into tbl_goodPrice (gp_id, gd_id, gp_rmb, gp_euro, gp_dollar, gp_pound) values (18, 'OV9R04TTUMCFJNTKTNWP', 17, 5, 0, 11);

insert into tbl_goodPrice (gp_id, gd_id, gp_rmb, gp_euro, gp_dollar, gp_pound) values (9, 'OV9R04TTUMCFJNTKTNWP', 0, 11, 14, 16);

insert into tbl_goodPrice (gp_id, gd_id, gp_rmb, gp_euro, gp_dollar, gp_pound) values (13, 'DHABKGV4QH1QDUY5MFOU', 12, 12, 4, 0);

insert into tbl_goodPrice (gp_id, gd_id, gp_rmb, gp_euro, gp_dollar, gp_pound) values (16, 'DHABKGV4QH1QDUY5MFOU', 13, 18, 15, 14);

insert into tbl_goodPrice (gp_id, gd_id, gp_rmb, gp_euro, gp_dollar, gp_pound) values (6, 'P35F9FG8DOIHQ0YEQJ34', 15, 10, 1, 13);

insert into tbl_goodPrice (gp_id, gd_id, gp_rmb, gp_euro, gp_dollar, gp_pound) values (2, 'P35F9FG8DOIHQ0YEQJ34', 16, 6, 3, 17);

